col1,col2,col3,col4,col5,col6,col7,col8
M.Salah,,,,,,,
MD 13.5,,,,,,,
81,8.2,6.5,7.2,21.9,0.54,96.80%,Submit
,,,,,,,
Haaland,,,,,,,
FW 14.8,,,,,,,
89,7.2,6.5,6.7,20.3,0.46,2.20%,Submit
,,,,,,,
Palmer,,,,,,,
MD 11.3,,,,,,,
85,6.9,6.5,5.6,19,0.56,99.80%,Submit
,,,,,,,
�degaard,,,,,,,
MD 8.4,,,,,,,
81,6.5,5,4.7,16.3,0.64,0.30%,Submit
,,,,,,,
Foden,,,,,,,
MD 9.1,,,,,,,
70,5.1,5.2,5.5,15.8,0.58,0.00%,Submit
,,,,,,,
Son,,,,,,,
MD 9.8,,,,,,,
79,4.7,6,5,15.7,0.54,2.90%,Submit
,,,,,,,
Diogo J.,,,,,,,
MD 7.2,,,,,,,
69,6,3.8,4.5,14.3,0.66,0.20%,Submit
,,,,,,,
Alexander-Arnold,,,,,,,
DF 7.1,,,,,,,
77,5.4,4.1,4.8,14.3,0.67,46.20%,Submit
,,,,,,,
Isak,,,,,,,
FW 9.0,,,,,,,
84,5.2,4.5,4.4,14.2,0.52,55.00%,Submit
,,,,,,,
Trossard,,,,,,,
MD 6.8,,,,,,,
62,5.2,4.4,4.2,13.8,0.67,0.00%,Submit
,,,,,,,
Solanke,,,,,,,
FW 7.5,,,,,,,
87,4.5,4.6,4.7,13.8,0.61,39.80%,Submit
,,,,,,,
Martinelli,,,,,,,
MD 6.7,,,,,,,
66,5.3,4.5,3.9,13.7,0.68,0.00%,Submit
,,,,,,,
De Bruyne,,,,,,,
MD 9.5,,,,,,,
67,4.8,4.3,4.5,13.6,0.48,0.00%,Submit
,,,,,,,
B.Fernandes,,,,,,,
MD 8.4,,,,,,,
84,5,4.8,3.6,13.3,0.53,24.30%,Submit
,,,,,,,
Mbeumo,,,,,,,
MD 7.6,,,,,,,
85,4.3,3.8,5.1,13.2,0.58,48.30%,Submit
,,,,,,,
Havertz,,,,,,,
FW 7.9,,,,,,,
69,5,3.9,4.1,13,0.55,0.80%,Submit
,,,,,,,
Eze,,,,,,,
MD 6.6,,,,,,,
66,3.3,5.1,3.9,12.3,0.62,2.70%,Submit
,,,,,,,
Jo�o Pedro,,,,,,,
FW 5.8,,,,,,,
76,4.8,3.8,3.6,12.2,0.7,94.10%,Submit
,,,,,,,
A.Becker,,,,,,,
GK 5.4,,,,,,,
93,4.3,3.8,4,12.2,0.75,1.50%,Submit
,,,,,,,
Semenyo,,,,,,,
MD 5.6,,,,,,,
79,4.2,3.7,4.2,12.1,0.72,35.90%,Submit
,,,,,,,
Wood,,,,,,,
FW 6.6,,,,,,,
75,4.2,3.8,4.1,12.1,0.61,9.00%,Submit
,,,,,,,
Bowen,,,,,,,
MD 7.5,,,,,,,
84,5.2,3.5,3.3,12,0.53,4.50%,Submit
,,,,,,,
Raya,,,,,,,
GK 5.6,,,,,,,
94,4.4,3.7,3.7,11.8,0.7,34.90%,Submit
,,,,,,,
Virgil,,,,,,,
DF 6.5,,,,,,,
91,4.7,3.3,3.7,11.7,0.6,1.60%,Submit
,,,,,,,
Gvardiol,,,,,,,
DF 6.0,,,,,,,
87,4.4,3.8,3.5,11.7,0.65,8.50%,Submit
,,,,,,,
Gabriel,,,,,,,
DF 6.3,,,,,,,
87,4.9,3.5,3.3,11.6,0.62,92.10%,Submit
,,,,,,,
Mateta,,,,,,,
FW 7.2,,,,,,,
69,3.6,4.8,3.2,11.6,0.54,0.00%,Submit
,,,,,,,
Strand Larsen,,,,,,,
FW 5.6,,,,,,,
80,3.9,3.4,4.2,11.5,0.68,10.80%,Submit
,,,,,,,
G.Jesus,,,,,,,
FW 6.8,,,,,,,
66,5,3.3,3.1,11.3,0.56,0.00%,Submit
,,,,,,,
Evanilson,,,,,,,
FW 6.0,,,,,,,
64,3.7,3.7,4,11.3,0.63,4.30%,Submit
,,,,,,,
N.Jackson,,,,,,,
FW 8.3,,,,,,,
66,4.1,3.4,3.8,11.3,0.45,13.90%,Submit
,,,,,,,
Luis D�az,,,,,,,
MD 7.5,,,,,,,
54,4.2,3.2,3.8,11.2,0.5,0.00%,Submit
,,,,,,,
Saliba,,,,,,,
DF 6.3,,,,,,,
91,4.8,3.3,3.1,11.2,0.59,12.30%,Submit
,,,,,,,
Gordon,,,,,,,
MD 7.2,,,,,,,
75,4.1,3.4,3.6,11.1,0.52,4.00%,Submit
,,,,,,,
Kluivert,,,,,,,
MD 5.5,,,,,,,
66,4,3.2,3.6,10.8,0.66,2.60%,Submit
,,,,,,,
Iwobi,,,,,,,
MD 5.8,,,,,,,
81,3,3.7,4.2,10.8,0.62,0.80%,Submit
,,,,,,,
Martinez,,,,,,,
GK 5.0,,,,,,,
92,3.2,3.5,3.9,10.6,0.71,0.20%,Submit
,,,,,,,
J.Timber,,,,,,,
DF 5.7,,,,,,,
82,4.8,3,2.9,10.6,0.62,34.80%,Submit
,,,,,,,
Rogers,,,,,,,
MD 5.4,,,,,,,
72,3.2,3.4,4,10.6,0.65,68.50%,Submit
,,,,,,,
Arrizabalaga,,,,,,,
GK 4.5,,,,,,,
93,3.6,3.3,3.7,10.5,0.78,0.40%,Submit
,,,,,,,
Forster,,,,,,,
GK 4.3,,,,,,,
94,3.4,3.6,3.4,10.5,0.81,0.10%,Submit
,,,,,,,
Wissa,,,,,,,
FW 6.3,,,,,,,
78,3.6,2.9,3.9,10.4,0.55,0.90%,Submit
,,,,,,,
S�nchez,,,,,,,
GK 4.8,,,,,,,
92,3.7,3.5,3.2,10.4,0.72,4.50%,Submit
,,,,,,,
Leno,,,,,,,
GK 5.0,,,,,,,
92,3.1,3.5,3.7,10.3,0.69,0.00%,Submit
,,,,,,,
Akanji,,,,,,,
DF 5.3,,,,,,,
80,3.6,3.4,3.2,10.3,0.65,0.00%,Submit
,,,,,,,
Henderson,,,,,,,
GK 4.4,,,,,,,
93,3.2,3.8,3.2,10.2,0.78,5.30%,Submit
,,,,,,,
Duran,,,,,,,
FW 5.9,,,,,,,
60,3.2,3.7,3.2,10.2,0.58,0.00%,Submit
,,,,,,,
Kulusevski,,,,,,,
MD 6.4,,,,,,,
68,2.9,4,3.3,10.1,0.53,0.20%,Submit
,,,,,,,
I.Sarr,,,,,,,
MD 5.8,,,,,,,
71,3.2,4,2.9,10.1,0.58,0.00%,Submit
,,,,,,,
Ra�l,,,,,,,
FW 5.5,,,,,,,
53,2.6,3.1,4.5,10.1,0.61,33.80%,Submit
,,,,,,,
Ak�,,,,,,,
DF 5.3,,,,,,,
75,3.6,3.1,3.4,10.1,0.63,0.00%,Submit
,,,,,,,
McGinn,,,,,,,
MD 5.2,,,,,,,
75,2.9,3.4,3.8,10.1,0.64,0.00%,Submit
,,,,,,,
Mitoma,,,,,,,
MD 6.5,,,,,,,
78,3.9,3,3.1,10,0.51,3.00%,Submit
,,,,,,,
Sels,,,,,,,
GK 4.7,,,,,,,
90,3.2,3.3,3.4,10,0.71,1.90%,Submit
,,,,,,,
Flekken,,,,,,,
GK 4.5,,,,,,,
93,3.3,3.1,3.6,10,0.74,49.70%,Submit
,,,,,,,
Andreas,,,,,,,
MD 5.0,,,,,,,
75,3,3.3,3.7,9.9,0.66,0.10%,Submit
,,,,,,,
Maddison,,,,,,,
MD 7.7,,,,,,,
60,3.1,3.8,3,9.9,0.43,0.00%,Submit
,,,,,,,
Onana,,,,,,,
GK 5.2,,,,,,,
93,3.5,3.4,3,9.9,0.64,0.00%,Submit
,,,,,,,
Tielemans,,,,,,,
MD 5.5,,,,,,,
79,3,3.4,3.5,9.9,0.6,0.10%,Submit
,,,,,,,
Pickford,,,,,,,
GK 4.9,,,,,,,
94,3.1,3.5,3.3,9.9,0.67,0.30%,Submit
,,,,,,,
Enzo,,,,,,,
MD 5.1,,,,,,,
87,3.4,3.4,3,9.8,0.64,11.80%,Submit
,,,,,,,
H�jlund,,,,,,,
FW 6.9,,,,,,,
65,3.6,3.5,2.7,9.8,0.47,0.00%,Submit
,,,,,,,
Rice,,,,,,,
MD 6.2,,,,,,,
75,3.8,3.2,2.9,9.8,0.53,0.00%,Submit
,,,,,,,
Kudus,,,,,,,
MD 6.2,,,,,,,
79,4.1,2.9,2.8,9.8,0.53,0.20%,Submit
,,,,,,,
Gibbs-White,,,,,,,
MD 6.3,,,,,,,
76,3.7,2.9,3.1,9.8,0.52,0.00%,Submit
,,,,,,,
Armstrong,,,,,,,
FW 5.1,,,,,,,
69,3.7,2.6,3.5,9.7,0.63,0.10%,Submit
,,,,,,,
D�bravka,,,,,,,
GK 4.2,,,,,,,
87,3.3,3.4,3.1,9.7,0.77,0.10%,Submit
,,,,,,,
Amad,,,,,,,
MD 5.4,,,,,,,
77,3.7,3.5,2.5,9.7,0.6,9.70%,Submit
,,,,,,,
Verbruggen,,,,,,,
GK 4.5,,,,,,,
93,3.5,3.1,3.1,9.6,0.71,6.90%,Submit
,,,,,,,
Jos� S�,,,,,,,
GK 4.3,,,,,,,
93,3.3,3,3.3,9.6,0.74,0.00%,Submit
,,,,,,,
Ramsdale,,,,,,,
GK 4.4,,,,,,,
93,3.3,3,3.3,9.6,0.72,0.90%,Submit
,,,,,,,
Cucurella,,,,,,,
DF 5.2,,,,,,,
83,3.5,3.3,2.8,9.6,0.61,0.00%,Submit
,,,,,,,
Mac Allister,,,,,,,
MD 6.2,,,,,,,
69,3.5,2.8,3.2,9.5,0.51,0.00%,Submit
,,,,,,,
Sancho,,,,,,,
MD 6.2,,,,,,,
56,3.2,3.2,3,9.5,0.51,0.10%,Submit
,,,,,,,
Hudson-Odoi,,,,,,,
MD 5.3,,,,,,,
71,3.3,2.9,3.3,9.5,0.6,0.00%,Submit
,,,,,,,
Watkins,,,,,,,
FW 8.8,,,,,,,
39,2.3,3,4.2,9.5,0.36,0.00%,Submit
,,,,,,,
Robertson,,,,,,,
DF 5.9,,,,,,,
46,3,2.9,3.5,9.4,0.53,1.60%,Submit
,,,,,,,
Fabianski,,,,,,,
GK 4.1,,,,,,,
91,3.5,2.8,3,9.4,0.77,44.40%,Submit
,,,,,,,
Madueke,,,,,,,
MD 6.3,,,,,,,
53,3.1,3.4,2.9,9.4,0.5,0.00%,Submit
,,,,,,,
Doku,,,,,,,
MD 6.2,,,,,,,
61,3.8,3.2,2.4,9.4,0.5,0.00%,Submit
,,,,,,,
Johnson,,,,,,,
MD 6.5,,,,,,,
52,2.7,3.5,3.2,9.3,0.48,1.30%,Submit
,,,,,,,
Bernardo,,,,,,,
MD 6.3,,,,,,,
60,3.1,3.1,3.1,9.3,0.49,0.00%,Submit
,,,,,,,
Mu�oz,,,,,,,
DF 4.7,,,,,,,
86,2.5,4.2,2.5,9.2,0.66,1.20%,Submit
,,,,,,,
Szoboszlai,,,,,,,
MD 6.3,,,,,,,
46,3.2,2.8,3.2,9.2,0.49,0.00%,Submit
,,,,,,,
Gakpo,,,,,,,
FW 7.2,,,,,,,
50,3.6,2.6,3,9.2,0.43,0.00%,Submit
,,,,,,,
Pedro Porro,,,,,,,
DF 5.5,,,,,,,
64,2.4,3.6,3.1,9.2,0.56,11.30%,Submit
,,,,,,,
Udogie,,,,,,,
DF 4.9,,,,,,,
82,2.7,3.6,2.8,9.1,0.62,0.10%,Submit
,,,,,,,
Muric,,,,,,,
GK 4.4,,,,,,,
95,3.2,3,3,9.1,0.69,3.30%,Submit
,,,,,,,
Calafiori,,,,,,,
DF 5.8,,,,,,,
56,3.5,2.6,2.8,8.9,0.51,0.10%,Submit
,,,,,,,
Wilson,,,,,,,
MD 5.2,,,,,,,
60,2.5,2.9,3.5,8.9,0.57,0.00%,Submit
,,,,,,,
Robinson,,,,,,,
DF 4.9,,,,,,,
91,1.8,3,4,8.9,0.6,14.00%,Submit
,,,,,,,
Gusto,,,,,,,
DF 4.9,,,,,,,
73,3.4,3.2,2.3,8.9,0.6,0.50%,Submit
,,,,,,,
Huijsen,,,,,,,
DF 4.3,,,,,,,
84,3.1,2.3,3.4,8.9,0.69,2.30%,Submit
,,,,,,,
Kerkez,,,,,,,
DF 4.7,,,,,,,
85,3.3,2.4,3.2,8.9,0.63,2.30%,Submit
,,,,,,,
Bruno G.,,,,,,,
MD 6.1,,,,,,,
84,3.1,2.9,2.7,8.7,0.48,0.00%,Submit
,,,,,,,
Digne,,,,,,,
DF 4.7,,,,,,,
67,2.2,3.1,3.4,8.7,0.62,2.80%,Submit
,,,,,,,
Colwill,,,,,,,
DF 4.6,,,,,,,
77,3,3,2.6,8.6,0.63,46.30%,Submit
,,,,,,,
Konsa,,,,,,,
DF 4.4,,,,,,,
83,2.1,2.8,3.6,8.6,0.65,17.10%,Submit
,,,,,,,
Delap,,,,,,,
FW 5.6,,,,,,,
76,2.6,2.9,3.1,8.5,0.51,0.10%,Submit
,,,,,,,
Pau,,,,,,,
DF 4.4,,,,,,,
85,2.2,2.8,3.6,8.5,0.64,0.50%,Submit
,,,,,,,
Ndiaye,,,,,,,
FW 5.4,,,,,,,
78,2.6,3.2,2.7,8.5,0.52,0.00%,Submit
,,,,,,,
Aina,,,,,,,
DF 5.0,,,,,,,
90,2.8,2.7,2.9,8.4,0.56,0.60%,Submit
,,,,,,,
O.Dango,,,,,,,
MD 5.0,,,,,,,
62,3.1,2.4,3,8.4,0.56,0.00%,Submit
,,,,,,,
Castagne,,,,,,,
DF 4.2,,,,,,,
83,1.8,2.8,3.9,8.4,0.67,19.30%,Submit
,,,,,,,
Calvert-Lewin,,,,,,,
FW 5.4,,,,,,,
56,2.6,3.1,2.7,8.4,0.52,0.60%,Submit
,,,,,,,
Mitchell,,,,,,,
DF 4.8,,,,,,,
83,2.3,3.8,2.3,8.4,0.58,0.00%,Submit
,,,,,,,
Joelinton,,,,,,,
MD 6.0,,,,,,,
78,2.5,2.9,2.9,8.3,0.46,0.00%,Submit
,,,,,,,
A.Doucoure,,,,,,,
MD 5.1,,,,,,,
84,2.5,3,2.7,8.3,0.54,0.00%,Submit
,,,,,,,
Neto,,,,,,,
MD 6.2,,,,,,,
47,2.7,2.9,2.7,8.3,0.45,0.00%,Submit
,,,,,,,
Christie,,,,,,,
MD 4.9,,,,,,,
76,2.9,2.5,2.9,8.3,0.56,0.00%,Submit
,,,,,,,
Guedes,,,,,,,
MD 5.3,,,,,,,
52,2.7,2.5,3,8.3,0.52,0.00%,Submit
,,,,,,,
Georginio,,,,,,,
MD 5.4,,,,,,,
57,3.1,2.6,2.5,8.2,0.51,0.00%,Submit
,,,,,,,
Dragusin,,,,,,,
DF 4.3,,,,,,,
87,2.5,3.1,2.5,8.1,0.63,0.00%,Submit
,,,,,,,
Garnacho,,,,,,,
MD 6.1,,,,,,,
56,3,2.8,2.2,8.1,0.44,0.30%,Submit
,,,,,,,
Gravenberch,,,,,,,
MD 5.0,,,,,,,
80,3.3,2.3,2.4,8,0.53,0.00%,Submit
,,,,,,,
G�ndogan,,,,,,,
MD 6.5,,,,,,,
47,2.4,2.9,2.7,8,0.41,0.00%,Submit
,,,,,,,
Schade,,,,,,,
MD 5.1,,,,,,,
54,2.7,2.4,2.8,7.9,0.52,0.00%,Submit
,,,,,,,
Hermansen,,,,,,,
GK 4.5,,,,,,,
89,2.3,2.6,3,7.9,0.59,0.10%,Submit
,,,,,,,
Andersen,,,,,,,
DF 4.2,,,,,,,
88,1.6,2.7,3.6,7.9,0.63,14.20%,Submit
,,,,,,,
Dibling,,,,,,,
MD 4.5,,,,,,,
70,2.9,2.3,2.7,7.8,0.58,5.20%,Submit
,,,,,,,
Estupi�an,,,,,,,
DF 5.1,,,,,,,
80,3.5,2.3,2.1,7.8,0.51,0.40%,Submit
,,,,,,,
Kova?i?,,,,,,,
MD 5.4,,,,,,,
70,2.8,2.6,2.5,7.8,0.48,0.00%,Submit
,,,,,,,
Vardy,,,,,,,
FW 5.6,,,,,,,
78,2.3,2.6,2.8,7.7,0.46,1.30%,Submit
,,,,,,,
Ramsey,,,,,,,
MD 5.4,,,,,,,
34,1.2,3,3.4,7.7,0.48,0.00%,Submit
,,,,,,,
Milenkovi?,,,,,,,
DF 4.6,,,,,,,
85,2.5,2.5,2.6,7.7,0.56,0.70%,Submit
,,,,,,,
Nwaneri,,,,,,,
MD 4.5,,,,,,,
35,2.8,2.4,2.5,7.7,0.57,0.00%,Submit
,,,,,,,
Lacroix,,,,,,,
DF 4.5,,,,,,,
82,2.1,3.5,2.1,7.7,0.57,0.00%,Submit
,,,,,,,
Zabarnyi,,,,,,,
DF 4.4,,,,,,,
88,2.8,2.1,2.8,7.7,0.58,0.10%,Submit
,,,,,,,
Lewis-Potter,,,,,,,
MD 5.0,,,,,,,
77,2.6,2.4,2.7,7.6,0.51,0.00%,Submit
,,,,,,,
Smith Rowe,,,,,,,
MD 5.4,,,,,,,
84,1.6,2.3,3.7,7.6,0.47,1.00%,Submit
,,,,,,,
Hall,,,,,,,
DF 4.7,,,,,,,
77,2.8,2.4,2.3,7.6,0.54,23.70%,Submit
,,,,,,,
Summerville,,,,,,,
MD 5.6,,,,,,,
57,3.1,2.3,2.2,7.6,0.45,0.00%,Submit
,,,,,,,
Nketiah,,,,,,,
FW 5.9,,,,,,,
47,2.2,2.9,2.5,7.5,0.43,0.00%,Submit
,,,,,,,
Damsgaard,,,,,,,
MD 5.0,,,,,,,
66,2.5,2.2,2.8,7.5,0.5,0.00%,Submit
,,,,,,,
Cash,,,,,,,
DF 4.4,,,,,,,
69,2.1,2.4,3,7.5,0.57,0.00%,Submit
,,,,,,,
Anderson,,,,,,,
MD 5.0,,,,,,,
71,2.6,2.5,2.5,7.5,0.5,0.00%,Submit
,,,,,,,
Caicedo,,,,,,,
MD 4.9,,,,,,,
79,2.5,2.6,2.4,7.5,0.51,0.00%,Submit
,,,,,,,
R. Lewis,,,,,,,
DF 4.6,,,,,,,
48,2.4,2.6,2.5,7.5,0.54,13.20%,Submit
,,,,,,,
Szmodics,,,,,,,
MD 5.8,,,,,,,
58,2.1,2.6,2.8,7.5,0.43,0.00%,Submit
,,,,,,,
Gu�hi,,,,,,,
DF 4.5,,,,,,,
91,2.3,3.3,1.9,7.5,0.55,0.60%,Submit
,,,,,,,
Grealish,,,,,,,
MD 6.4,,,,,,,
48,2.8,2.6,2,7.4,0.39,0.00%,Submit
,,,,,,,
F�llkrug,,,,,,,
FW 6.7,,,,,,,
46,3.1,2.1,2.2,7.4,0.37,0.00%,Submit
,,,,,,,
Murillo,,,,,,,
DF 4.6,,,,,,,
86,2.6,2.3,2.5,7.3,0.53,0.10%,Submit
,,,,,,,
Chaplin,,,,,,,
MD 5.1,,,,,,,
55,2.1,2.8,2.5,7.3,0.48,0.00%,Submit
,,,,,,,
J.Gomes,,,,,,,
MD 4.9,,,,,,,
84,2.5,2.2,2.6,7.3,0.5,0.00%,Submit
,,,,,,,
Elanga,,,,,,,
MD 5.1,,,,,,,
47,2.4,2.4,2.5,7.3,0.48,0.00%,Submit
,,,,,,,
Jones,,,,,,,
MD 5.3,,,,,,,
49,2.8,2.2,2.2,7.3,0.46,0.00%,Submit
,,,,,,,
Zirkzee,,,,,,,
FW 6.6,,,,,,,
54,2.9,2.5,1.8,7.2,0.37,0.00%,Submit
,,,,,,,
Hee Chan,,,,,,,
MD 6.1,,,,,,,
42,2.4,2.4,2.5,7.2,0.4,0.00%,Submit
,,,,,,,
Sch�r,,,,,,,
DF 5.4,,,,,,,
87,3.2,1.9,2.2,7.2,0.44,0.00%,Submit
,,,,,,,
Enes �nal,,,,,,,
FW 5.4,,,,,,,
39,2.4,2.3,2.5,7.1,0.44,0.00%,Submit
,,,,,,,
Bassey,,,,,,,
DF 4.5,,,,,,,
79,1.4,2.4,3.3,7.1,0.52,0.00%,Submit
,,,,,,,
Hughes,,,,,,,
MD 4.9,,,,,,,
73,2.2,2.7,2.1,7,0.48,0.00%,Submit
,,,,,,,
Mee,,,,,,,
DF 4.2,,,,,,,
86,2.3,1.8,3,7,0.56,0.00%,Submit
,,,,,,,
N�rgaard,,,,,,,
MD 4.8,,,,,,,
79,2.3,2.1,2.5,7,0.48,0.00%,Submit
,,,,,,,
Mangala,,,,,,,
MD 5.0,,,,,,,
81,2.2,2.6,2.1,7,0.46,0.00%,Submit
,,,,,,,
Adama,,,,,,,
MD 4.7,,,,,,,
54,2.2,2.4,2.3,6.9,0.49,0.00%,Submit
,,,,,,,
A�t-Nouri,,,,,,,
DF 4.8,,,,,,,
83,2.8,1.5,2.6,6.9,0.48,5.50%,Submit
,,,,,,,
Tosin,,,,,,,
DF 4.2,,,,,,,
74,3,2.6,1.3,6.9,0.55,0.10%,Submit
,,,,,,,
Sou?ek,,,,,,,
MD 4.9,,,,,,,
82,3,1.9,2,6.9,0.47,0.00%,Submit
,,,,,,,
Archer,,,,,,,
FW 5.0,,,,,,,
46,2.4,2,2.4,6.9,0.46,0.10%,Submit
,,,,,,,
Harrison,,,,,,,
MD 5.2,,,,,,,
54,2.2,2.7,2.1,6.9,0.44,0.00%,Submit
,,,,,,,
Minteh,,,,,,,
MD 5.1,,,,,,,
61,3.3,1.9,1.7,6.9,0.45,0.10%,Submit
,,,,,,,
Gomez,,,,,,,
DF 4.9,,,,,,,
65,3.3,2,1.5,6.9,0.47,0.80%,Submit
,,,,,,,
Mykolenko,,,,,,,
DF 4.3,,,,,,,
92,1.5,3.1,2.2,6.8,0.53,21.60%,Submit
,,,,,,,
Hutchinson,,,,,,,
MD 5.2,,,,,,,
75,2.3,2.3,2.3,6.8,0.44,0.00%,Submit
,,,,,,,
Jo�o F�lix,,,,,,,
MD 6.0,,,,,,,
32,2.3,2.6,1.9,6.8,0.38,0.00%,Submit
,,,,,,,
Janelt,,,,,,,
MD 4.9,,,,,,,
71,2.3,2.1,2.4,6.8,0.46,0.00%,Submit
,,,,,,,
Luki?,,,,,,,
MD 4.8,,,,,,,
88,1.8,2.3,2.6,6.7,0.47,0.00%,Submit
,,,,,,,
Muniz,,,,,,,
FW 5.5,,,,,,,
38,1.9,2.6,2.3,6.7,0.41,0.00%,Submit
,,,,,,,
Dalot,,,,,,,
DF 5.1,,,,,,,
74,2.7,2.6,1.4,6.7,0.44,3.50%,Submit
,,,,,,,
Kamada,,,,,,,
MD 5.1,,,,,,,
45,2.1,2.6,2,6.7,0.44,0.00%,Submit
,,,,,,,
Kamara,,,,,,,
MD 5.0,,,,,,,
76,2.1,2.2,2.3,6.7,0.44,0.00%,Submit
,,,,,,,
S�vio,,,,,,,
MD 6.4,,,,,,,
33,2.2,2,2.4,6.6,0.34,0.00%,Submit
,,,,,,,
Cook,,,,,,,
MD 5.0,,,,,,,
77,2.6,1.7,2.2,6.6,0.44,0.00%,Submit
,,,,,,,
Gana,,,,,,,
MD 4.8,,,,,,,
76,2,2.4,2.2,6.5,0.45,0.00%,Submit
,,,,,,,
Thomas,,,,,,,
MD 5.0,,,,,,,
58,2.4,2,2.1,6.5,0.43,0.00%,Submit
,,,,,,,
M.Fernandes,,,,,,,
MD 5.0,,,,,,,
79,2.6,1.7,2.2,6.5,0.43,0.00%,Submit
,,,,,,,
Mazraoui,,,,,,,
DF 4.6,,,,,,,
68,2.6,2.5,1.3,6.5,0.47,1.40%,Submit
,,,,,,,
Walker,,,,,,,
DF 5.2,,,,,,,
50,2.3,2.1,2,6.5,0.41,0.00%,Submit
,,,,,,,
N.Semedo,,,,,,,
DF 4.5,,,,,,,
78,2.2,1.6,2.6,6.5,0.48,0.00%,Submit
,,,,,,,
J.Murphy,,,,,,,
MD 5.0,,,,,,,
41,2.2,2.2,2,6.5,0.43,0.00%,Submit
,,,,,,,
Collins,,,,,,,
DF 4.6,,,,,,,
87,2.2,1.6,2.7,6.4,0.47,0.70%,Submit
,,,,,,,
Nkunku,,,,,,,
MD 5.8,,,,,,,
29,2.1,2.5,1.8,6.4,0.37,0.10%,Submit
,,,,,,,
Tonali,,,,,,,
MD 5.5,,,,,,,
68,2.5,2.1,1.8,6.4,0.39,0.00%,Submit
,,,,,,,
Yates,,,,,,,
MD 4.9,,,,,,,
83,2.5,1.9,1.9,6.4,0.43,0.00%,Submit
,,,,,,,
Barnes,,,,,,,
MD 6.1,,,,,,,
41,2.5,2,1.9,6.4,0.35,0.00%,Submit
,,,,,,,
Downes,,,,,,,
MD 4.8,,,,,,,
76,2.1,2.1,2.1,6.3,0.44,0.00%,Submit
,,,,,,,
Livramento,,,,,,,
DF 4.5,,,,,,,
59,2.3,1.9,2,6.3,0.46,0.00%,Submit
,,,,,,,
Baleba,,,,,,,
MD 5.0,,,,,,,
67,2.3,1.9,1.9,6.2,0.41,0.00%,Submit
,,,,,,,
Wan-Bissaka,,,,,,,
DF 4.6,,,,,,,
83,3.1,1.7,1.4,6.2,0.45,0.00%,Submit
,,,,,,,
Ortega Moreno,,,,,,,
GK 5.2,,,,,,,
73,3.2,2.4,0.6,6.2,0.4,0.00%,Submit
,,,,,,,
C.Soler,,,,,,,
MD 5.0,,,,,,,
59,2.6,1.7,1.8,6.2,0.41,0.00%,Submit
,,,,,,,
Harwood-Bellis,,,,,,,
DF 4.1,,,,,,,
82,2.2,1.6,2.3,6.1,0.5,3.70%,Submit
,,,,,,,
Smith,,,,,,,
DF 4.5,,,,,,,
66,2,1.6,2.5,6.1,0.45,0.00%,Submit
,,,,,,,
Bailey,,,,,,,
MD 6.2,,,,,,,
25,1.4,1.8,2.9,6.1,0.33,0.00%,Submit
,,,,,,,
Walker-Peters,,,,,,,
DF 4.3,,,,,,,
78,2.3,1.5,2.3,6.1,0.47,0.00%,Submit
,,,,,,,
Carvalho,,,,,,,
MD 4.6,,,,,,,
39,2,1.9,2.2,6.1,0.44,0.10%,Submit
,,,,,,,
Dunk,,,,,,,
DF 4.4,,,,,,,
77,2.9,1.7,1.5,6.1,0.46,31.80%,Submit
,,,,,,,
Ayari,,,,,,,
MD 5.0,,,,,,,
59,2.2,1.9,1.8,6,0.4,0.00%,Submit
,,,,,,,
Werner,,,,,,,
MD 6.2,,,,,,,
37,2,2.6,1.4,6,0.32,0.00%,Submit
,,,,,,,
S.Bueno,,,,,,,
DF 4.3,,,,,,,
80,2.1,1.5,2.3,6,0.47,0.00%,Submit
,,,,,,,
Lindstr�m,,,,,,,
MD 5.1,,,,,,,
49,1.9,2.4,1.7,6,0.39,0.00%,Submit
,,,,,,,
Martinez,,,,,,,
DF 4.4,,,,,,,
77,2.5,2.4,1.1,6,0.45,1.00%,Submit
,,,,,,,
Mainoo,,,,,,,
MD 5.2,,,,,,,
43,1.6,2.4,2,6,0.38,0.00%,Submit
,,,,,,,
Tarkowski,,,,,,,
DF 4.8,,,,,,,
89,1.2,2.7,2,6,0.42,0.00%,Submit
,,,,,,,
McAteer,,,,,,,
MD 4.7,,,,,,,
54,1.9,2,2,6,0.42,0.00%,Submit
,,,,,,,
Roerslev,,,,,,,
DF 4.3,,,,,,,
68,1.6,1.6,2.8,5.9,0.46,0.00%,Submit
,,,,,,,
P.M.Sarr,,,,,,,
MD 4.8,,,,,,,
61,2.1,2.1,1.8,5.9,0.41,0.00%,Submit
,,,,,,,
Mavididi,,,,,,,
MD 5.1,,,,,,,
44,1.7,2.1,2.1,5.9,0.39,0.00%,Submit
,,,,,,,
Emerson,,,,,,,
DF 4.4,,,,,,,
70,3,1.5,1.4,5.9,0.45,0.00%,Submit
,,,,,,,
Mario Jr.,,,,,,,
MD 5.0,,,,,,,
77,1.9,1.9,2.1,5.9,0.39,0.00%,Submit
,,,,,,,
Bednarek,,,,,,,
DF 4.0,,,,,,,
86,2.2,1.5,2.2,5.9,0.49,0.50%,Submit
,,,,,,,
Buonanotte,,,,,,,
MD 4.9,,,,,,,
57,1.9,2,1.9,5.9,0.4,0.10%,Submit
,,,,,,,
Branthwaite,,,,,,,
DF 4.8,,,,,,,
88,1.3,2.6,2,5.8,0.41,0.00%,Submit
,,,,,,,
Jota Silva,,,,,,,
MD 5.9,,,,,,,
37,2,1.9,2,5.8,0.33,0.00%,Submit
,,,,,,,
R.Gomes,,,,,,,
MD 5.2,,,,,,,
37,1.8,2,2.1,5.8,0.37,0.00%,Submit
,,,,,,,
Bellegarde,,,,,,,
MD 5.0,,,,,,,
40,1.9,1.9,1.9,5.8,0.38,0.00%,Submit
,,,,,,,
�lvarez,,,,,,,
MD 5.0,,,,,,,
85,2.5,1.6,1.7,5.8,0.38,0.00%,Submit
,,,,,,,
Chalobah,,,,,,,
DF 4.4,,,,,,,
81,2.2,3.6,0,5.7,0.44,0.00%,Submit
,,,,,,,
Tsimikas,,,,,,,
DF 4.6,,,,,,,
41,2.6,1.7,1.4,5.7,0.41,0.00%,Submit
,,,,,,,
Ederson M.,,,,,,,
GK 5.4,,,,,,,
34,0.7,1.7,3.2,5.7,0.35,0.40%,Submit
,,,,,,,
Alex Moreno,,,,,,,
DF 4.4,,,,,,,
41,1.6,1.9,2.2,5.7,0.43,0.30%,Submit
,,,,,,,
Merino,,,,,,,
MD 6.0,,,,,,,
37,2.1,1.7,1.8,5.7,0.32,0.00%,Submit
,,,,,,,
Darwin,,,,,,,
FW 7.1,,,,,,,
21,1.8,1.7,2.1,5.7,0.27,0.00%,Submit
,,,,,,,
El Khannouss,,,,,,,
MD 4.8,,,,,,,
48,1.7,2.1,1.8,5.6,0.39,0.00%,Submit
,,,,,,,
Ferguson,,,,,,,
FW 5.5,,,,,,,
33,2.3,1.9,1.4,5.6,0.34,0.00%,Submit
,,,,,,,
Burns,,,,,,,
MD 4.8,,,,,,,
46,1.6,2,2,5.6,0.39,0.00%,Submit
,,,,,,,
Winks,,,,,,,
MD 4.5,,,,,,,
56,1.5,2.1,2,5.6,0.41,1.20%,Submit
,,,,,,,
De Ligt,,,,,,,
DF 5.0,,,,,,,
68,1.9,2.4,1.3,5.6,0.37,0.10%,Submit
,,,,,,,
Gray,,,,,,,
MD 4.6,,,,,,,
79,2.1,2,1.4,5.5,0.4,0.00%,Submit
,,,,,,,
Van Hecke,,,,,,,
DF 4.5,,,,,,,
82,2.8,1.5,1.2,5.5,0.41,2.60%,Submit
,,,,,,,
J.Ayew,,,,,,,
MD 5.2,,,,,,,
51,1.9,1.9,1.6,5.4,0.34,0.00%,Submit
,,,,,,,
Kilman,,,,,,,
DF 4.4,,,,,,,
81,2.7,1.4,1.2,5.4,0.41,0.10%,Submit
,,,,,,,
Aribo,,,,,,,
MD 4.9,,,,,,,
42,1.7,1.6,2,5.4,0.36,0.00%,Submit
,,,,,,,
Adams,,,,,,,
MD 4.9,,,,,,,
57,1.9,1.8,1.6,5.4,0.36,0.00%,Submit
,,,,,,,
Toti,,,,,,,
DF 4.3,,,,,,,
77,2.1,1.2,2,5.3,0.41,0.10%,Submit
,,,,,,,
Daka,,,,,,,
FW 4.8,,,,,,,
42,1.7,1.7,1.9,5.3,0.37,0.00%,Submit
,,,,,,,
Lerma,,,,,,,
MD 4.8,,,,,,,
62,1.9,1.7,1.7,5.3,0.37,0.00%,Submit
,,,,,,,
Manning,,,,,,,
DF 4.3,,,,,,,
46,1.8,1.4,2.1,5.3,0.41,0.00%,Submit
,,,,,,,
Bissouma,,,,,,,
MD 4.9,,,,,,,
49,1.6,1.9,1.7,5.2,0.35,0.00%,Submit
,,,,,,,
Berge,,,,,,,
MD 5.0,,,,,,,
78,1.1,1.7,2.4,5.2,0.35,0.00%,Submit
,,,,,,,
Onana,,,,,,,
MD 4.9,,,,,,,
45,1.6,1.8,1.8,5.2,0.35,0.00%,Submit
,,,,,,,
Konat�,,,,,,,
DF 5.1,,,,,,,
95,1.2,1.3,2.6,5.2,0.34,0.10%,Submit
,,,,,,,
Ugarte,,,,,,,
MD 4.9,,,,,,,
67,2.1,1.7,1.4,5.2,0.35,0.00%,Submit
,,,,,,,
N.Williams,,,,,,,
DF 4.3,,,,,,,
57,1.9,1.5,1.7,5.1,0.4,0.00%,Submit
,,,,,,,
Willock,,,,,,,
MD 4.8,,,,,,,
46,2,1.4,1.7,5.1,0.35,0.00%,Submit
,,,,,,,
Stones,,,,,,,
DF 5.3,,,,,,,
32,0.8,1.4,2.8,5,0.31,0.00%,Submit
,,,,,,,
Brooks,,,,,,,
MD 4.9,,,,,,,
29,1.6,1.8,1.6,5,0.34,0.00%,Submit
,,,,,,,
McNeil,,,,,,,
MD 5.3,,,,,,,
56,0.6,1.7,2.7,5,0.31,0.20%,Submit
,,,,,,,
Veltman,,,,,,,
DF 4.5,,,,,,,
61,2.2,1.3,1.4,4.9,0.36,0.00%,Submit
,,,,,,,
Beto,,,,,,,
FW 5.0,,,,,,,
28,1.4,1.8,1.6,4.8,0.32,0.00%,Submit
,,,,,,,
Davis,,,,,,,
DF 4.5,,,,,,,
86,0.9,2,2,4.8,0.36,2.40%,Submit
,,,,,,,
L.Paquet�,,,,,,,
MD 5.7,,,,,,,
0,0,2.4,2.4,4.8,0.28,0.00%,Submit
,,,,,,,
Burn,,,,,,,
DF 4.4,,,,,,,
62,2,1.5,1.2,4.7,0.36,0.00%,Submit
,,,,,,,
Young,,,,,,,
DF 4.7,,,,,,,
0,0,2.6,2.1,4.7,0.33,0.00%,Submit
,,,,,,,
Cajuste,,,,,,,
MD 4.5,,,,,,,
68,1.7,1.4,1.4,4.6,0.34,0.00%,Submit
,,,,,,,
Bentancur,,,,,,,
MD 4.9,,,,,,,
54,1.8,1.5,1.3,4.6,0.31,0.00%,Submit
,,,,,,,
Longstaff,,,,,,,
MD 4.7,,,,,,,
39,1.5,1.5,1.5,4.5,0.32,0.00%,Submit
,,,,,,,
Andr�,,,,,,,
MD 5.0,,,,,,,
46,1.5,1.4,1.6,4.5,0.3,0.00%,Submit
,,,,,,,
Botman,,,,,,,
DF 4.4,,,,,,,
70,1.2,1.4,1.8,4.4,0.34,0.00%,Submit
,,,,,,,
Phillips,,,,,,,
MD 4.8,,,,,,,
69,1.7,1.3,1.3,4.4,0.3,0.00%,Submit
,,,,,,,
Wieffer,,,,,,,
MD 4.7,,,,,,,
54,1.5,1.5,1.3,4.3,0.31,0.00%,Submit
,,,,,,,
Broja,,,,,,,
FW 5.4,,,,,,,
30,1.4,1.7,1.2,4.3,0.27,0.00%,Submit
,,,,,,,
B.Soumar�,,,,,,,
MD 4.4,,,,,,,
66,1.5,1.4,1.4,4.3,0.33,0.30%,Submit
,,,,,,,
Fraser,,,,,,,
MD 4.8,,,,,,,
29,1.4,1.3,1.6,4.3,0.3,0.00%,Submit
,,,,,,,
Sugawara,,,,,,,
DF 4.3,,,,,,,
40,1.6,1.2,1.5,4.2,0.33,0.00%,Submit
,,,,,,,
Morsy,,,,,,,
MD 4.9,,,,,,,
0,0,2.1,2.1,4.2,0.29,0.00%,Submit
,,,,,,,
Ward-Prowse,,,,,,,
MD 6.2,,,,,,,
34,1.6,1.3,1.3,4.2,0.22,0.00%,Submit
,,,,,,,
Casemiro,,,,,,,
MD 4.8,,,,,,,
41,1.6,1.4,1.2,4.1,0.29,0.00%,Submit
,,,,,,,
Igor,,,,,,,
DF 4.4,,,,,,,
52,1.8,1.3,1.1,4.1,0.31,0.00%,Submit
,,,,,,,
Maatsen,,,,,,,
DF 4.6,,,,,,,
35,1.3,1.4,1.4,4.1,0.3,0.00%,Submit
,,,,,,,
Todibo,,,,,,,
DF 4.3,,,,,,,
56,2,1.1,1,4.1,0.32,0.00%,Submit
,,,,,,,
W.Fofana,,,,,,,
DF 4.4,,,,,,,
93,0.6,1.5,1.9,4.1,0.31,0.00%,Submit
,,,,,,,
Doherty,,,,,,,
DF 4.3,,,,,,,
38,1.4,1.1,1.6,4.1,0.31,0.00%,Submit
,,,,,,,
Kamaldeen,,,,,,,
MD 5.0,,,,,,,
27,1.4,1.3,1.4,4,0.27,0.00%,Submit
,,,,,,,
Doyle,,,,,,,
MD 4.8,,,,,,,
31,1.4,1.4,1.3,4,0.28,0.00%,Submit
,,,,,,,
Awoniyi,,,,,,,
FW 5.5,,,,,,,
20,1.3,1.4,1.3,4,0.24,0.00%,Submit
,,,,,,,
Gruda,,,,,,,
MD 5.4,,,,,,,
29,1.5,1.4,1.1,4,0.25,0.00%,Submit
,,,,,,,
Philip,,,,,,,
MD 4.8,,,,,,,
24,1.3,1.5,1.2,4,0.28,0.00%,Submit
,,,,,,,
Kristiansen,,,,,,,
DF 4.5,,,,,,,
78,0.8,1.6,1.6,4,0.29,0.00%,Submit
,,,,,,,
Trippier,,,,,,,
DF 5.6,,,,,,,
35,1.6,1.2,1.1,3.9,0.23,0.00%,Submit
,,,,,,,
Boly,,,,,,,
DF 4.2,,,,,,,
29,1.1,1.4,1.5,3.9,0.31,0.00%,Submit
,,,,,,,
Justin,,,,,,,
DF 4.3,,,,,,,
75,0.8,1.5,1.6,3.9,0.3,0.00%,Submit
,,,,,,,
Stephens,,,,,,,
DF 4.0,,,,,,,
43,1.3,1.1,1.5,3.9,0.32,0.00%,Submit
,,,,,,,
Onuachu,,,,,,,
FW 4.9,,,,,,,
25,1.3,1.2,1.3,3.9,0.26,0.00%,Submit
,,,,,,,
Spence,,,,,,,
DF 4.4,,,,,,,
41,1.5,1.5,0.7,3.8,0.29,0.00%,Submit
,,,,,,,
Davies,,,,,,,
DF 4.3,,,,,,,
73,0.6,1.4,1.8,3.7,0.29,0.00%,Submit
,,,,,,,
Yarmoliuk,,,,,,,
MD 4.4,,,,,,,
36,1.4,1.1,1.2,3.7,0.28,0.00%,Submit
,,,,,,,
Burgess,,,,,,,
DF 4.0,,,,,,,
88,0.6,1.4,1.7,3.7,0.31,0.70%,Submit
,,,,,,,
Diego Carlos,,,,,,,
DF 4.5,,,,,,,
37,0.8,1.4,1.5,3.7,0.27,0.00%,Submit
,,,,,,,
C.Doucour�,,,,,,,
MD 4.9,,,,,,,
25,1,1.5,1.2,3.7,0.25,0.00%,Submit
,,,,,,,
Chiesa,,,,,,,
MD 6.8,,,,,,,
17,1.6,1.1,0.9,3.7,0.18,0.00%,Submit
,,,,,,,
Barkley,,,,,,,
MD 5.2,,,,,,,
27,1.3,1.2,1.2,3.6,0.23,0.00%,Submit
,,,,,,,
Lamptey,,,,,,,
DF 4.4,,,,,,,
33,1.5,1.4,0.7,3.6,0.27,0.00%,Submit
,,,,,,,
Lewis-Skelly,,,,,,,
MD 4.5,,,,,,,
33,1.3,1.3,1.1,3.6,0.27,0.00%,Submit
,,,,,,,
O'Shea,,,,,,,
DF 4.1,,,,,,,
91,0.6,1.4,1.6,3.6,0.29,1.10%,Submit
,,,,,,,
C.Richards,,,,,,,
DF 4.4,,,,,,,
24,0.7,1.4,1.5,3.6,0.27,0.00%,Submit
,,,,,,,
Dawson,,,,,,,
DF 4.4,,,,,,,
36,1.1,1,1.5,3.6,0.27,0.00%,Submit
,,,,,,,
Cunha,,,,,,,
FW 7.1,,,,,,,
88,2.3,1.1,0.1,3.5,0.17,29.90%,Submit
,,,,,,,
Sinisterra,,,,,,,
MD 4.8,,,,,,,
4,0.2,0.8,2.5,3.5,0.25,0.00%,Submit
,,,,,,,
Dominguez,,,,,,,
MD 4.8,,,,,,,
0,0,1.8,1.7,3.5,0.24,0.00%,Submit
,,,,,,,
Quansah,,,,,,,
DF 3.9,,,,,,,
34,1.8,1.3,0.5,3.5,0.3,0.30%,Submit
,,,,,,,
Yoro,,,,,,,
DF 4.3,,,,,,,
42,1.5,1.4,0.6,3.5,0.27,0.00%,Submit
,,,,,,,
Antony,,,,,,,
MD 5.7,,,,,,,
28,1.5,1.4,0.6,3.5,0.2,0.00%,Submit
,,,,,,,
Mavropanos,,,,,,,
DF 4.4,,,,,,,
39,1.5,1,0.8,3.4,0.26,0.00%,Submit
,,,,,,,
Coleman,,,,,,,
DF 4.3,,,,,,,
60,1.2,1.2,1,3.4,0.26,0.00%,Submit
,,,,,,,
Coady,,,,,,,
DF 4.0,,,,,,,
78,0.6,1.3,1.4,3.3,0.28,0.00%,Submit
,,,,,,,
Matheus N.,,,,,,,
MD 4.9,,,,,,,
20,0.6,0.8,1.9,3.3,0.23,0.00%,Submit
,,,,,,,
Ugochukwu,,,,,,,
MD 4.5,,,,,,,
30,1,1.2,1.1,3.3,0.25,0.00%,Submit
,,,,,,,
Disasi,,,,,,,
DF 4.2,,,,,,,
30,1.3,1.3,0.6,3.2,0.26,0.00%,Submit
,,,,,,,
J.Clarke,,,,,,,
MD 5.5,,,,,,,
24,1,1,1.1,3.2,0.19,0.00%,Submit
,,,,,,,
Cairney,,,,,,,
MD 4.8,,,,,,,
30,1.2,1.2,0.7,3.1,0.22,0.00%,Submit
,,,,,,,
Jorginho,,,,,,,
MD 4.7,,,,,,,
26,1.2,0.9,1,3.1,0.22,0.00%,Submit
,,,,,,,
Elliott,,,,,,,
MD 5.2,,,,,,,
14,0.9,1,1.1,3,0.19,0.00%,Submit
,,,,,,,
Forbs,,,,,,,
MD 5.5,,,,,,,
26,1.1,1,0.9,3,0.18,0.00%,Submit
,,,,,,,
Aarons,,,,,,,
DF 4.3,,,,,,,
28,1.1,0.9,0.9,3,0.23,0.00%,Submit
,,,,,,,
H.Clarke,,,,,,,
DF 4.0,,,,,,,
60,0.5,1.2,1.2,3,0.25,0.00%,Submit
,,,,,,,
O'Riley,,,,,,,
MD 5.5,,,,,,,
23,1.1,1,0.9,3,0.18,0.00%,Submit
,,,,,,,
G.Rodr�guez,,,,,,,
MD 4.8,,,,,,,
29,1.1,1,0.9,2.9,0.2,0.00%,Submit
,,,,,,,
Ji-soo,,,,,,,
DF 3.9,,,,,,,
35,1,0.7,1.2,2.9,0.25,0.00%,Submit
,,,,,,,
Adingra,,,,,,,
MD 5.2,,,,,,,
18,1.1,1.1,0.8,2.9,0.19,0.00%,Submit
,,,,,,,
Ings,,,,,,,
FW 5.0,,,,,,,
20,1.3,0.9,0.7,2.9,0.19,0.00%,Submit
,,,,,,,
De Cordova-Reid,,,,,,,
MD 5.2,,,,,,,
28,1.1,1.1,0.6,2.9,0.18,0.00%,Submit
,,,,,,,
Jaden,,,,,,,
MD 5.3,,,,,,,
15,0.9,1.3,0.6,2.8,0.18,0.00%,Submit
,,,,,,,
Broadhead,,,,,,,
MD 4.9,,,,,,,
18,0.8,0.9,1.1,2.8,0.19,0.00%,Submit
,,,,,,,
Jensen,,,,,,,
MD 5.3,,,,,,,
63,0.3,0.9,1.6,2.8,0.18,0.00%,Submit
,,,,,,,
Vestergaard,,,,,,,
DF 4.0,,,,,,,
69,0.6,1.1,1.1,2.8,0.23,0.00%,Submit
,,,,,,,
Skipp,,,,,,,
MD 4.8,,,,,,,
35,1.1,0.9,0.8,2.8,0.19,0.00%,Submit
,,,,,,,
Coufal,,,,,,,
DF 4.2,,,,,,,
25,1,1,0.7,2.7,0.22,0.00%,Submit
,,,,,,,
Maguire,,,,,,,
DF 4.9,,,,,,,
24,0.9,1.2,0.6,2.7,0.18,0.00%,Submit
,,,,,,,
Ndidi,,,,,,,
MD 4.9,,,,,,,
66,0.5,0.8,1.4,2.7,0.18,0.00%,Submit
,,,,,,,
Rashford,,,,,,,
MD 6.7,,,,,,,
6,0.5,1.3,0.8,2.7,0.13,0.00%,Submit
,,,,,,,
Bradley,,,,,,,
DF 4.7,,,,,,,
45,0.7,0.7,1.3,2.6,0.19,0.00%,Submit
,,,,,,,
Malacia,,,,,,,
DF 4.4,,,,,,,
28,1.2,0.8,0.6,2.6,0.2,0.00%,Submit
,,,,,,,
Lallana,,,,,,,
MD 5.0,,,,,,,
18,0.8,1,0.8,2.6,0.17,0.00%,Submit
,,,,,,,
Eriksen,,,,,,,
MD 5.3,,,,,,,
21,1.1,1,0.4,2.6,0.16,0.00%,Submit
,,,,,,,
Kiwior,,,,,,,
DF 4.8,,,,,,,
14,0.7,1,0.9,2.5,0.18,0.00%,Submit
,,,,,,,
Taylor,,,,,,,
MD 4.8,,,,,,,
40,1.2,0.6,0.6,2.5,0.17,0.00%,Submit
,,,,,,,
Van den Berg,,,,,,,
DF 4.1,,,,,,,
72,0.2,0.6,1.6,2.5,0.2,4.40%,Submit
,,,,,,,
Almir�n,,,,,,,
MD 5.5,,,,,,,
11,0.7,1,0.6,2.3,0.14,0.00%,Submit
,,,,,,,
Diop,,,,,,,
DF 4.4,,,,,,,
25,0.5,0.8,1,2.3,0.17,0.00%,Submit
,,,,,,,
Johnson,,,,,,,
DF 3.9,,,,,,,
36,0.4,0.9,0.9,2.3,0.2,0.80%,Submit
,,,,,,,
Sosa,,,,,,,
MD 5.5,,,,,,,
13,0.8,0.9,0.6,2.3,0.14,0.00%,Submit
,,,,,,,
Meghoma,,,,,,,
DF 4.0,,,,,,,
23,0.7,0.7,0.8,2.2,0.19,0.00%,Submit
,,,,,,,
Renato Veiga,,,,,,,
MD 4.5,,,,,,,
22,0.8,0.8,0.6,2.2,0.16,0.00%,Submit
,,,,,,,
Enciso,,,,,,,
MD 5.4,,,,,,,
9,0.6,0.9,0.7,2.2,0.14,0.00%,Submit
,,,,,,,
King,,,,,,,
MD 4.5,,,,,,,
29,1.1,0.7,0.4,2.2,0.16,0.00%,Submit
,,,,,,,
Konak,,,,,,,
MD 4.5,,,,,,,
20,0.9,0.5,0.8,2.2,0.16,0.00%,Submit
,,,,,,,
Bergvall,,,,,,,
MD 4.4,,,,,,,
19,0.8,0.8,0.5,2.1,0.16,0.00%,Submit
,,,,,,,
Sessegnon,,,,,,,
DF 4.2,,,,,,,
15,0.5,0.8,0.7,2.1,0.16,0.00%,Submit
,,,,,,,
Dewsbury-Hall,,,,,,,
MD 5.5,,,,,,,
12,0.6,0.9,0.5,2,0.12,0.00%,Submit
,,,,,,,
Endo,,,,,,,
MD 4.6,,,,,,,
13,0.7,0.7,0.6,2,0.15,0.00%,Submit
,,,,,,,
Faes,,,,,,,
DF 4.0,,,,,,,
43,0.4,0.8,0.8,2,0.17,5.10%,Submit
,,,,,,,
Brereton D�az,,,,,,,
MD 4.9,,,,,,,
8,0.6,0.7,0.6,1.9,0.13,0.00%,Submit
,,,,,,,
Chadi Riad,,,,,,,
DF 4.3,,,,,,,
5,0.1,0.5,1.3,1.9,0.14,0.00%,Submit
,,,,,,,
Bree,,,,,,,
DF 3.9,,,,,,,
15,0.6,0.8,0.5,1.8,0.16,0.00%,Submit
,,,,,,,
Hill,,,,,,,
DF 3.9,,,,,,,
19,0.7,0.6,0.5,1.8,0.16,0.00%,Submit
,,,,,,,
Kelly,,,,,,,
DF 4.2,,,,,,,
18,0.7,0.8,0.4,1.8,0.15,0.00%,Submit
,,,,,,,
Thiago,,,,,,,
FW 5.9,,,,,,,
0,0,0.7,1.2,1.8,0.1,0.00%,Submit
,,,,,,,
Irving,,,,,,,
MD 4.8,,,,,,,
17,0.7,0.7,0.3,1.7,0.12,0.00%,Submit
,,,,,,,
Maghoma,,,,,,,
MD 4.5,,,,,,,
15,0.6,0.6,0.4,1.7,0.13,0.00%,Submit
,,,,,,,
Clyne,,,,,,,
DF 4.3,,,,,,,
8,0.3,0.6,0.7,1.6,0.12,0.00%,Submit
,,,,,,,
Choudhury,,,,,,,
MD 4.3,,,,,,,
11,0.4,0.8,0.4,1.6,0.12,0.10%,Submit
,,,,,,,
Patterson,,,,,,,
DF 4.4,,,,,,,
36,0.7,0.6,0.3,1.6,0.12,0.00%,Submit
,,,,,,,
Devenny,,,,,,,
MD 4.5,,,,,,,
8,0.4,0.6,0.5,1.6,0.11,0.00%,Submit
,,,,,,,
Al-Hamadi,,,,,,,
FW 4.8,,,,,,,
7,0.4,0.5,0.6,1.5,0.11,0.00%,Submit
,,,,,,,
Taylor,,,,,,,
DF 3.9,,,,,,,
16,0.5,0.5,0.5,1.5,0.13,0.00%,Submit
,,,,,,,
Welbeck,,,,,,,
FW 5.6,,,,,,,
0,0,0.3,1.1,1.5,0.09,0.30%,Submit
,,,,,,,
Chukwuemeka,,,,,,,
MD 4.8,,,,,,,
9,0.6,0.6,0.3,1.5,0.1,0.00%,Submit
,,,,,,,
Osula,,,,,,,
FW 4.9,,,,,,,
5,0.4,0.6,0.4,1.4,0.1,0.00%,Submit
,,,,,,,
Vinicius,,,,,,,
FW 5.0,,,,,,,
6,0.4,0.6,0.3,1.4,0.09,0.00%,Submit
,,,,,,,
L.Guilherme,,,,,,,
MD 4.7,,,,,,,
13,0.6,0.4,0.4,1.4,0.1,0.00%,Submit
,,,,,,,
Greaves,,,,,,,
DF 3.9,,,,,,,
21,0.2,0.5,0.6,1.3,0.11,39.20%,Submit
,,,,,,,
Miley,,,,,,,
MD 5.0,,,,,,,
8,0.4,0.4,0.5,1.3,0.09,0.00%,Submit
,,,,,,,
McAtee,,,,,,,
MD 4.6,,,,,,,
5,0.5,0.6,0.2,1.3,0.09,0.00%,Submit
,,,,,,,
March,,,,,,,
MD 6.5,,,,,,,
8,0.4,0.5,0.4,1.3,0.06,0.00%,Submit
,,,,,,,
Keane,,,,,,,
DF 4.1,,,,,,,
15,0.3,0.5,0.4,1.2,0.1,0.30%,Submit
,,,,,,,
Mings,,,,,,,
DF 4.4,,,,,,,
12,0.3,0.5,0.4,1.2,0.09,0.00%,Submit
,,,,,,,
James,,,,,,,
DF 4.8,,,,,,,
0,0,0.4,0.8,1.2,0.08,0.00%,Submit
,,,,,,,
Webster,,,,,,,
DF 4.3,,,,,,,
9,0.3,0.5,0.4,1.2,0.09,0.00%,Submit
,,,,,,,
Zinchenko,,,,,,,
DF 4.8,,,,,,,
25,0.2,0.4,0.5,1.2,0.08,0.00%,Submit
,,,,,,,
Sarabia,,,,,,,
MD 5.1,,,,,,,
0,0,0,1.2,1.2,0.08,0.00%,Submit
,,,,,,,
Marc Guiu,,,,,,,
FW 4.7,,,,,,,
4,0.4,0.5,0.2,1.1,0.08,0.00%,Submit
,,,,,,,
Dorrington,,,,,,,
DF 4.0,,,,,,,
16,0.5,0.4,0.2,1.1,0.09,0.00%,Submit
,,,,,,,
Richarlison,,,,,,,
FW 6.8,,,,,,,
0,0,0,1.1,1.1,0.05,0.00%,Submit
,,,,,,,
Mount,,,,,,,
MD 6.3,,,,,,,
0,0,0.2,0.9,1.1,0.06,0.00%,Submit
,,,,,,,
Wood,,,,,,,
DF 4.0,,,,,,,
15,0.4,0.3,0.3,1,0.09,0.00%,Submit
,,,,,,,
Tierney,,,,,,,
DF 4.3,,,,,,,
4,0.3,0.3,0.4,1,0.08,0.00%,Submit
,,,,,,,
Simpson-Pusey,,,,,,,
DF 4.0,,,,,,,
11,0.4,0.4,0.2,1,0.08,0.00%,Submit
,,,,,,,
J�rgensen,,,,,,,
GK 4.2,,,,,,,
3,0.1,0.4,0.4,1,0.08,0.00%,Submit
,,,,,,,
Okoli,,,,,,,
DF 4.0,,,,,,,
20,0.3,0.4,0.3,1,0.08,0.10%,Submit
,,,,,,,
Schlupp,,,,,,,
MD 4.7,,,,,,,
3,0.2,0.4,0.3,1,0.07,0.00%,Submit
,,,,,,,
Omobamidele,,,,,,,
DF 4.2,,,,,,,
7,0.2,0.4,0.4,1,0.08,0.00%,Submit
,,,,,,,
Lavia,,,,,,,
MD 4.5,,,,,,,
0,0,0.3,0.7,1,0.07,0.00%,Submit
,,,,,,,
Hinshelwood,,,,,,,
MD 4.9,,,,,,,
0,0,0.2,0.7,0.9,0.06,0.00%,Submit
,,,,,,,
Ward,,,,,,,
GK 4.0,,,,,,,
19,0.7,0.3,0,0.9,0.08,0.20%,Submit
,,,,,,,
Buendia,,,,,,,
MD 5.1,,,,,,,
3,0.3,0.4,0.1,0.9,0.06,0.00%,Submit
,,,,,,,
Thomas,,,,,,,
DF 3.9,,,,,,,
13,0.3,0.3,0.3,0.8,0.07,0.00%,Submit
,,,,,,,
J.Cuenca,,,,,,,
DF 4.4,,,,,,,
7,0.2,0.3,0.3,0.8,0.06,0.00%,Submit
,,,,,,,
Moder,,,,,,,
MD 4.4,,,,,,,
6,0.4,0.3,0.2,0.8,0.06,0.00%,Submit
,,,,,,,
Evans,,,,,,,
DF 4.4,,,,,,,
12,0.4,0.3,0.1,0.8,0.06,0.00%,Submit
,,,,,,,
Stolarczyk,,,,,,,
GK 4.0,,,,,,,
9,0.3,0.2,0.2,0.7,0.06,0.20%,Submit
,,,,,,,
Shaw,,,,,,,
DF 4.9,,,,,,,
0,0,0.1,0.7,0.7,0.05,0.00%,Submit
,,,,,,,
F.Kad?o?lu,,,,,,,
DF 4.5,,,,,,,
0,0,0.2,0.5,0.7,0.05,0.10%,Submit
,,,,,,,
Bogarde,,,,,,,
DF 4.0,,,,,,,
4,0.1,0.2,0.4,0.7,0.06,0.00%,Submit
,,,,,,,
Y. Chermiti,,,,,,,
FW 4.9,,,,,,,
2,0.2,0.3,0.2,0.7,0.05,0.00%,Submit
,,,,,,,
Ward,,,,,,,
DF 4.3,,,,,,,
2,0.1,0.2,0.4,0.7,0.05,0.00%,Submit
,,,,,,,
Luongo,,,,,,,
MD 4.4,,,,,,,
13,0.4,0.2,0.1,0.7,0.05,0.00%,Submit
,,,,,,,
Nedeljkovic,,,,,,,
DF 3.9,,,,,,,
3,0.1,0.3,0.2,0.7,0.06,0.20%,Submit
,,,,,,,
Cresswell,,,,,,,
DF 3.9,,,,,,,
4,0.2,0.2,0.2,0.6,0.05,0.00%,Submit
,,,,,,,
Wilson-Esbrand,,,,,,,
DF 4.0,,,,,,,
2,0.2,0.2,0.2,0.6,0.05,0.00%,Submit
,,,,,,,
Toffolo,,,,,,,
DF 4.3,,,,,,,
3,0.1,0.3,0.2,0.6,0.04,0.00%,Submit
,,,,,,,
Da Silva Moreira,,,,,,,
MD 4.4,,,,,,,
3,0.2,0.3,0.1,0.5,0.04,0.00%,Submit
,,,,,,,
B.Badiashile,,,,,,,
DF 4.3,,,,,,,
0,0,0.1,0.4,0.5,0.04,0.00%,Submit
,,,,,,,
Cornet,,,,,,,
MD 4.7,,,,,,,
0,0,0.2,0.4,0.5,0.04,0.00%,Submit
,,,,,,,
Danilo,,,,,,,
MD 4.7,,,,,,,
0,0,0,0.5,0.5,0.04,0.00%,Submit
,,,,,,,
Chiwome,,,,,,,
FW 4.5,,,,,,,
1,0.1,0.3,0.1,0.5,0.04,0.80%,Submit
,,,,,,,
Reguil�n,,,,,,,
DF 4.2,,,,,,,
4,0.2,0.3,0.1,0.5,0.04,0.00%,Submit
,,,,,,,
Cundle,,,,,,,
MD 4.5,,,,,,,
3,0.2,0.1,0.1,0.5,0.04,0.00%,Submit
,,,,,,,
Steele,,,,,,,
GK 4.2,,,,,,,
3,0.1,0.1,0.2,0.5,0.04,0.00%,Submit
,,,,,,,
Lankshear,,,,,,,
FW 4.5,,,,,,,
1,0.1,0.2,0.1,0.4,0.03,0.10%,Submit
,,,,,,,
Johnstone,,,,,,,
GK 4.3,,,,,,,
5,0.2,0.1,0.1,0.4,0.03,0.20%,Submit
,,,,,,,
C.Miguel,,,,,,,
GK 4.2,,,,,,,
3,0.1,0.1,0.2,0.4,0.03,0.00%,Submit
,,,,,,,
Reed,,,,,,,
MD 4.7,,,,,,,
0,0,0,0.4,0.4,0.03,0.00%,Submit
,,,,,,,
Dennis,,,,,,,
FW 4.9,,,,,,,
1,0.1,0.2,0.1,0.4,0.03,0.00%,Submit
,,,,,,,
Casadei,,,,,,,
MD 4.4,,,,,,,
4,0.3,0.1,0,0.4,0.03,0.00%,Submit
,,,,,,,
Townsend,,,,,,,
DF 4.0,,,,,,,
2,0,0.2,0.1,0.4,0.03,0.00%,Submit
,,,,,,,
Mubama,,,,,,,
FW 4.5,,,,,,,
1,0.1,0.1,0.2,0.4,0.03,0.00%,Submit
,,,,,,,
Odysseas,,,,,,,
GK 4.3,,,,,,,
5,0.2,0.1,0.1,0.4,0.03,0.00%,Submit
,,,,,,,
Morton,,,,,,,
MD 4.4,,,,,,,
1,0.1,0.2,0.1,0.4,0.03,0.00%,Submit
,,,,,,,
O'Brien,,,,,,,
DF 4.6,,,,,,,
1,0,0.1,0.2,0.4,0.03,0.00%,Submit
,,,,,,,
Meupiyou,,,,,,,
DF 4.0,,,,,,,
2,0.1,0.3,0.1,0.4,0.03,0.00%,Submit
,,,,,,,
Hardy,,,,,,,
DF 4.0,,,,,,,
3,0.1,0.2,0,0.3,0.03,0.00%,Submit
,,,,,,,
Hayden,,,,,,,
MD 4.4,,,,,,,
2,0.2,0.2,0,0.3,0.03,0.00%,Submit
,,,,,,,
King,,,,,,,
DF 4.0,,,,,,,
4,0.1,0.1,0.1,0.3,0.03,0.00%,Submit
,,,,,,,
Benda,,,,,,,
GK 4.0,,,,,,,
2,0.1,0.1,0.1,0.3,0.03,1.40%,Submit
,,,,,,,
Neto,,,,,,,
GK 4.2,,,,,,,
1,0.1,0.1,0.2,0.3,0.03,0.50%,Submit
,,,,,,,
Areola,,,,,,,
GK 4.2,,,,,,,
1,0.1,0.2,0,0.3,0.02,0.30%,Submit
,,,,,,,
Austin,,,,,,,
GK 4.0,,,,,,,
1,0.1,0.2,0.1,0.3,0.02,0.00%,Submit
,,,,,,,
Chilwell,,,,,,,
DF 4.7,,,,,,,
0,0,0.2,0.1,0.3,0.02,0.00%,Submit
,,,,,,,
Edouard,,,,,,,
FW 5.1,,,,,,,
0,0,0,0.3,0.3,0.02,0.00%,Submit
,,,,,,,
Bayindir,,,,,,,
GK 4.3,,,,,,,
1,0,0.1,0.1,0.3,0.02,0.00%,Submit
,,,,,,,
Woolfenden,,,,,,,
DF 4.0,,,,,,,
2,0.1,0.1,0.1,0.3,0.02,0.00%,Submit
,,,,,,,
O�Reilly,,,,,,,
MD 4.9,,,,,,,
0,0,0.2,0,0.2,0.02,0.00%,Submit
,,,,,,,
Valdimarsson,,,,,,,
GK 3.9,,,,,,,
0,0,0.2,0.1,0.2,0.02,33.10%,Submit
,,,,,,,
Walton,,,,,,,
GK 4.3,,,,,,,
1,0.1,0.1,0,0.2,0.02,0.00%,Submit
,,,,,,,
Daniel Gore,,,,,,,
MD 99.9,,,,,,,
1,0.1,0.1,0,0.2,0,0.00%,
,,,,,,,
Lindelof,,,,,,,
DF 4.3,,,,,,,
0,0,0.1,0.1,0.2,0.02,0.00%,Submit
,,,,,,,
J.Virginia,,,,,,,
GK 3.9,,,,,,,
0,0,0,0.2,0.2,0.02,0.50%,Submit
,,,,,,,
M.Fran�a,,,,,,,
MD 4.4,,,,,,,
0,0,0,0.2,0.2,0.01,0.00%,Submit
,,,,,,,
Kacurri,,,,,,,
DF 4.0,,,,,,,
0,0,0.1,0.1,0.2,0.02,0.00%,Submit
,,,,,,,
Travers,,,,,,,
GK 4.4,,,,,,,
0,0,0.1,0.1,0.2,0.01,0.00%,Submit
,,,,,,,
Kporha,,,,,,,
DF 4.0,,,,,,,
1,0,0.1,0,0.2,0.01,0.00%,Submit
,,,,,,,
Turner,,,,,,,
GK 4.0,,,,,,,
0,0,0.1,0.1,0.2,0.01,1.00%,Submit
,,,,,,,
Winterburn,,,,,,,
MD 4.5,,,,,,,
0,0,0.1,0.1,0.2,0.01,0.00%,Submit
,,,,,,,
Oulad M'hand,,,,,,,
MD 4.5,,,,,,,
0,0,0,0.2,0.2,0.01,0.00%,Submit
,,,,,,,
Scarles,,,,,,,
DF 4.0,,,,,,,
2,0.1,0.1,0,0.2,0.01,0.00%,Submit
,,,,,,,
Amo-Ameyaw,,,,,,,
MD 4.4,,,,,,,
0,0,0.2,0,0.2,0.01,0.00%,Submit
,,,,,,,
B.Traore,,,,,,,
MD 4.8,,,,,,,
0,0,0,0.2,0.2,0.01,0.00%,Submit
,,,,,,,
Butler-Oyedeji,,,,,,,
FW 4.5,,,,,,,
0,0,0,0.1,0.1,0.01,0.00%,Submit
,,,,,,,
Moore,,,,,,,
MD 4.5,,,,,,,
0,0,0,0.1,0.1,0.01,0.00%,Submit
,,,,,,,
Olusesi,,,,,,,
MD 4.5,,,,,,,
0,0,0.1,0,0.1,0.01,0.00%,Submit
,,,,,,,
Nallo,,,,,,,
DF 4.0,,,,,,,
1,0.1,0.1,0,0.1,0.01,0.00%,Submit
,,,,,,,
Deivid,,,,,,,
FW 4.9,,,,,,,
0,0,0.1,0,0.1,0.01,0.00%,Submit
,,,,,,,
Carson,,,,,,,
GK 4.0,,,,,,,
1,0.1,0.1,0,0.1,0.01,0.00%,Submit
,,,,,,,
Garner,,,,,,,
MD 4.9,,,,,,,
0,0,0,0.1,0.1,0.01,0.00%,Submit
,,,,,,,
Kabia,,,,,,,
MD 4.5,,,,,,,
0,0,0.1,0,0.1,0.01,0.00%,Submit
,,,,,,,
Marsh,,,,,,,
FW 4.5,,,,,,,
0,0,0.1,0,0.1,0.01,0.00%,Submit
,,,,,,,
Kelleher,,,,,,,
GK 4.4,,,,,,,
0,0,0,0.1,0.1,0.01,2.20%,Submit
,,,,,,,
Targett,,,,,,,
DF 4.0,,,,,,,
1,0.1,0.1,0,0.1,0.01,0.00%,Submit
,,,,,,,
Kinsey,,,,,,,
DF 4.0,,,,,,,
0,0,0,0.1,0.1,0.01,0.00%,Submit
,,,,,,,
Brierley,,,,,,,
MD 4.4,,,,,,,
0,0,0.1,0,0.1,0.01,0.00%,Submit
,,,,,,,
Williams-Barnett,,,,,,,
MD 4.5,,,,,,,
0,0,0.1,0,0.1,0.01,0.00%,Submit
,,,,,,,
Ruddy,,,,,,,
GK 4.0,,,,,,,
0,0,0,0.1,0.1,0.01,0.10%,Submit
,,,,,,,
Samuels,,,,,,,
DF 4.0,,,,,,,
0,0,0.1,0,0.1,0.01,0.00%,Submit
,,,,,,,
Olsen,,,,,,,
GK 4.5,,,,,,,
0,0,0,0.1,0.1,0.01,0.00%,Submit
,,,,,,,
Kuol,,,,,,,
MD 4.4,,,,,,,
0,0,0,0.1,0.1,0.01,0.00%,Submit
,,,,,,,
Armstrong,,,,,,,
MD 4.5,,,,,,,
1,0.1,0,0,0.1,0.01,0.00%,Submit
,,,,,,,
Hause,,,,,,,
DF 3.9,,,,,,,
0,0,0.1,0,0.1,0.01,0.00%,Submit
,,,,,,,
McCarthy,,,,,,,
GK 4.3,,,,,,,
0,0,0.1,0,0.1,0.01,0.00%,Submit
,,,,,,,
Acheampong,,,,,,,
DF 4.0,,,,,,,
0,0,0.1,0,0.1,0.01,0.00%,Submit
,,,,,,,
Pedro Lima,,,,,,,
DF 3.9,,,,,,,
0,0,0.1,0,0.1,0.01,0.00%,Submit
,,,,,,,
Yogane,,,,,,,
MD 4.5,,,,,,,
0,0,0.1,0,0.1,0.01,0.00%,Submit
,,,,,,,
Iroegbunam,,,,,,,
MD 4.4,,,,,,,
0,0,0,0.1,0.1,0.01,0.00%,Submit
,,,,,,,
Heaven,,,,,,,
DF 4.0,,,,,,,
0,0,0,0.1,0.1,0,0.00%,Submit
,,,,,,,
A.Murphy,,,,,,,
DF 4.0,,,,,,,
0,0,0,0,0,0,0.00%,Submit
,,,,,,,
Amissah,,,,,,,
DF 4.0,,,,,,,
1,0,0,0,0,0,0.00%,Submit
,,,,,,,
Holding,,,,,,,
DF 4.3,,,,,,,
0,0,0,0,0,0,0.00%,Submit
,,,,,,,
Casey,,,,,,,
DF 4.0,,,,,,,
0,0,0,0,0,0,0.00%,Submit
,,,,,,,
F�bio Vieira,,,,,,,
MD 5.4,,,,,,,
0,0,0,0,0,0,0.00%,Submit
,,,,,,,
Hein,,,,,,,
GK 4.0,,,,,,,
0,0,0,0,0,0,0.00%,Submit
,,,,,,,
Nelson,,,,,,,
MD 5.0,,,,,,,
0,0,0,0,0,0,0.00%,Submit
,,,,,,,
Saka,,,,,,,
MD 10.4,,,,,,,
0,0,0,0,0,0,72.90%,Submit
,,,,,,,
Tomiyasu,,,,,,,
DF 4.8,,,,,,,
0,0,0,0,0,0,0.00%,Submit
,,,,,,,
White,,,,,,,
DF 6.1,,,,,,,
0,0,0,0,0,0,0.00%,Submit
,,,,,,,
Barrenechea,,,,,,,
MD 4.9,,,,,,,
0,0,0,0,0,0,0.00%,Submit
,,,,,,,
Dendoncker,,,,,,,
MD 4.5,,,,,,,
0,0,0,0,0,0,0.00%,Submit
,,,,,,,
Diaby,,,,,,,
MD 6.5,,,,,,,
0,0,0,0,0,0,0.00%,Submit
,,,,,,,
Dobbin,,,,,,,
MD 5.0,,,,,,,
0,0,0,0,0,0,0.00%,Submit
,,,,,,,
Gauci,,,,,,,
GK 4.0,,,,,,,
0,0,0,0,0,0,0.10%,Submit
,,,,,,,
Iling Jr,,,,,,,
MD 5.4,,,,,,,
0,0,0,0,0,0,0.00%,Submit
,,,,,,,
Kesler-Hayden,,,,,,,
DF 4.0,,,,,,,
0,0,0,0,0,0,0.00%,Submit
,,,,,,,
Marschall,,,,,,,
GK 4.0,,,,,,,
0,0,0,0,0,0,0.00%,Submit
,,,,,,,
Sinisalo,,,,,,,
GK 4.0,,,,,,,
0,0,0,0,0,0,0.00%,Submit
,,,,,,,
Sousa,,,,,,,
DF 4.0,,,,,,,
0,0,0,0,0,0,0.00%,Submit
,,,,,,,
Anthony,,,,,,,
MD 4.5,,,,,,,
0,0,0,0,0,0,0.00%,Submit
,,,,,,,
Faivre,,,,,,,
MD 5.0,,,,,,,
0,0,0,0,0,0,0.00%,Submit
,,,,,,,
H.Traor�,,,,,,,
MD 4.5,,,,,,,
0,0,0,0,0,0,0.00%,Submit
,,,,,,,
Jebbison,,,,,,,
FW 4.5,,,,,,,
0,0,0,0,0,0,0.00%,Submit
,,,,,,,
Mepham,,,,,,,
DF 4.4,,,,,,,
0,0,0,0,0,0,0.00%,Submit
,,,,,,,
Paulsen,,,,,,,
GK 4.0,,,,,,,
0,0,0,0,0,0,0.40%,Submit
,,,,,,,
Scott,,,,,,,
MD 4.7,,,,,,,
0,0,0,0,0,0,0.00%,Submit
,,,,,,,
Senesi,,,,,,,
DF 4.7,,,,,,,
0,0,0,0,0,0,0.00%,Submit
,,,,,,,
Tavernier,,,,,,,
MD 5.4,,,,,,,
0,0,0,0,0,0,0.10%,Submit
,,,,,,,
Ajer,,,,,,,
DF 4.4,,,,,,,
0,0,0,0,0,0,0.00%,Submit
,,,,,,,
Dasilva,,,,,,,
MD 4.8,,,,,,,
0,0,0,0,0,0,0.00%,Submit
,,,,,,,
Henry,,,,,,,
DF 4.3,,,,,,,
0,0,0,0,0,0,0.00%,Submit
,,,,,,,
Hickey,,,,,,,
DF 4.3,,,,,,,
0,0,0,0,0,0,0.00%,Submit
,,,,,,,
Onyeka,,,,,,,
MD 4.9,,,,,,,
0,0,0,0,0,0,0.00%,Submit
,,,,,,,
Peart-Harris,,,,,,,
MD 4.5,,,,,,,
0,0,0,0,0,0,0.00%,Submit
,,,,,,,
Pinnock,,,,,,,
DF 4.5,,,,,,,
0,0,0,0,0,0,1.40%,Submit
,,,,,,,
Toney,,,,,,,
FW 7.3,,,,,,,
0,0,0,0,0,0,0.00%,Submit
,,,,,,,
Zanka,,,,,,,
DF 4.5,,,,,,,
0,0,0,0,0,0,0.00%,Submit
,,,,,,,
Baker-Boaitey,,,,,,,
MD 4.5,,,,,,,
0,0,0,0,0,0,0.00%,Submit
,,,,,,,
Barco,,,,,,,
DF 4.0,,,,,,,
0,0,0,0,0,0,0.40%,Submit
,,,,,,,
Cozier-Duberry,,,,,,,
MD 4.5,,,,,,,
0,0,0,0,0,0,0.00%,Submit
,,,,,,,
Dahoud,,,,,,,
MD 4.9,,,,,,,
0,0,0,0,0,0,0.00%,Submit
,,,,,,,
Gilmour,,,,,,,
MD 5.0,,,,,,,
0,0,0,0,0,0,0.00%,Submit
,,,,,,,
Gross,,,,,,,
MD 6.5,,,,,,,
0,0,0,0,0,0,0.00%,Submit
,,,,,,,
I.Osman,,,,,,,
MD 5.0,,,,,,,
0,0,0,0,0,0,0.00%,Submit
,,,,,,,
Kozlowski,,,,,,,
MD 4.5,,,,,,,
0,0,0,0,0,0,0.00%,Submit
,,,,,,,
Mazilu,,,,,,,
MD 4.5,,,,,,,
0,0,0,0,0,0,0.00%,Submit
,,,,,,,
Milner,,,,,,,
MD 5.0,,,,,,,
0,0,0,0,0,0,0.00%,Submit
,,,,,,,
O�Mahony,,,,,,,
FW 4.5,,,,,,,
0,0,0,0,0,0,0.00%,Submit
,,,,,,,
Offiah,,,,,,,
DF 4.0,,,,,,,
0,0,0,0,0,0,0.00%,Submit
,,,,,,,
Peupion,,,,,,,
MD 4.4,,,,,,,
0,0,0,0,0,0,0.00%,Submit
,,,,,,,
Sarmiento,,,,,,,
MD 4.9,,,,,,,
0,0,0,0,0,0,0.00%,Submit
,,,,,,,
Undav,,,,,,,
FW 5.5,,,,,,,
0,0,0,0,0,0,0.00%,Submit
,,,,,,,
Andrey Santos,,,,,,,
MD 4.5,,,,,,,
0,0,0,0,0,0,0.00%,Submit
,,,,,,,
�ngelo,,,,,,,
MD 4.5,,,,,,,
0,0,0,0,0,0,0.00%,Submit
,,,,,,,
Bergstr�m,,,,,,,
GK 3.9,,,,,,,
0,0,0,0,0,0,0.00%,Submit
,,,,,,,
Bettinelli,,,,,,,
GK 3.9,,,,,,,
0,0,0,0,0,0,0.00%,Submit
,,,,,,,
D.D.Fofana,,,,,,,
FW 5.4,,,,,,,
0,0,0,0,0,0,0.00%,Submit
,,,,,,,
Gallagher,,,,,,,
MD 5.9,,,,,,,
0,0,0,0,0,0,0.00%,Submit
,,,,,,,
Gilchrist,,,,,,,
DF 4.0,,,,,,,
0,0,0,0,0,0,0.00%,Submit
,,,,,,,
Kellyman,,,,,,,
MD 4.4,,,,,,,
0,0,0,0,0,0,0.00%,Submit
,,,,,,,
Lukaku,,,,,,,
FW 6.3,,,,,,,
0,0,0,0,0,0,0.00%,Submit
,,,,,,,
M.Sarr,,,,,,,
DF 4.5,,,,,,,
0,0,0,0,0,0,0.00%,Submit
,,,,,,,
Mudryk,,,,,,,
MD 6.2,,,,,,,
0,0,0,0,0,0,0.00%,Submit
,,,,,,,
Petrovi?,,,,,,,
GK 4.4,,,,,,,
0,0,0,0,0,0,0.00%,Submit
,,,,,,,
Sterling,,,,,,,
MD 6.7,,,,,,,
0,0,0,0,0,0,0.00%,Submit
,,,,,,,
Ahamada,,,,,,,
MD 4.5,,,,,,,
0,0,0,0,0,0,0.00%,Submit
,,,,,,,
Ebiowei,,,,,,,
MD 4.5,,,,,,,
0,0,0,0,0,0,0.00%,Submit
,,,,,,,
Matthews,,,,,,,
GK 3.9,,,,,,,
0,0,0,0,0,0,0.20%,Submit
,,,,,,,
Ozoh,,,,,,,
MD 4.5,,,,,,,
0,0,0,0,0,0,0.00%,Submit
,,,,,,,
Rak-Sakyi,,,,,,,
MD 4.5,,,,,,,
0,0,0,0,0,0,0.00%,Submit
,,,,,,,
Wharton,,,,,,,
MD 4.7,,,,,,,
0,0,0,0,0,0,0.00%,Submit
,,,,,,,
Holgate,,,,,,,
DF 4.0,,,,,,,
0,0,0,0,0,0,0.00%,Submit
,,,,,,,
Maupay,,,,,,,
FW 4.9,,,,,,,
0,0,0,0,0,0,0.00%,Submit
,,,,,,,
Harris,,,,,,,
MD 4.5,,,,,,,
0,0,0,0,0,0,0.00%,Submit
,,,,,,,
Mbabu,,,,,,,
DF 4.0,,,,,,,
0,0,0,0,0,0,0.00%,Submit
,,,,,,,
Ream,,,,,,,
DF 4.5,,,,,,,
0,0,0,0,0,0,0.00%,Submit
,,,,,,,
Stansfield,,,,,,,
FW 5.0,,,,,,,
0,0,0,0,0,0,0.00%,Submit
,,,,,,,
Tete,,,,,,,
DF 4.5,,,,,,,
0,0,0,0,0,0,0.10%,Submit
,,,,,,,
Baggott,,,,,,,
DF 4.0,,,,,,,
0,0,0,0,0,0,0.00%,Submit
,,,,,,,
Edmundson,,,,,,,
DF 4.0,,,,,,,
0,0,0,0,0,0,0.00%,Submit
,,,,,,,
Harness,,,,,,,
MD 4.9,,,,,,,
0,0,0,0,0,0,0.00%,Submit
,,,,,,,
Hirst,,,,,,,
FW 5.4,,,,,,,
0,0,0,0,0,0,0.00%,Submit
,,,,,,,
Humphreys,,,,,,,
MD 4.5,,,,,,,
0,0,0,0,0,0,0.00%,Submit
,,,,,,,
Ladapo,,,,,,,
FW 4.5,,,,,,,
0,0,0,0,0,0,0.00%,Submit
,,,,,,,
Ndaba,,,,,,,
DF 4.0,,,,,,,
0,0,0,0,0,0,0.00%,Submit
,,,,,,,
Slicker,,,,,,,
GK 4.0,,,,,,,
0,0,0,0,0,0,0.60%,Submit
,,,,,,,
Tuanzebe,,,,,,,
DF 4.0,,,,,,,
0,0,0,0,0,0,0.10%,Submit
,,,,,,,
Cannon,,,,,,,
FW 4.5,,,,,,,
0,0,0,0,0,0,0.10%,Submit
,,,,,,,
Golding,,,,,,,
MD 4.4,,,,,,,
0,0,0,0,0,0,0.00%,Submit
,,,,,,,
Iversen,,,,,,,
GK 3.9,,,,,,,
0,0,0,0,0,0,1.40%,Submit
,,,,,,,
Marcal,,,,,,,
MD 4.5,,,,,,,
0,0,0,0,0,0,0.00%,Submit
,,,,,,,
Ricardo,,,,,,,
DF 4.1,,,,,,,
0,0,0,0,0,0,0.00%,Submit
,,,,,,,
Souttar,,,,,,,
DF 4.0,,,,,,,
0,0,0,0,0,0,0.00%,Submit
,,,,,,,
Bajcetic,,,,,,,
MD 4.5,,,,,,,
0,0,0,0,0,0,0.00%,Submit
,,,,,,,
Clark,,,,,,,
MD 4.5,,,,,,,
0,0,0,0,0,0,0.00%,Submit
,,,,,,,
Doak,,,,,,,
MD 4.5,,,,,,,
0,0,0,0,0,0,0.00%,Submit
,,,,,,,
McConnell,,,,,,,
MD 4.4,,,,,,,
0,0,0,0,0,0,0.00%,Submit
,,,,,,,
N.Phillips,,,,,,,
DF 4.0,,,,,,,
0,0,0,0,0,0,0.00%,Submit
,,,,,,,
R.Williams,,,,,,,
DF 4.0,,,,,,,
0,0,0,0,0,0,0.00%,Submit
,,,,,,,
Bobb,,,,,,,
MD 4.7,,,,,,,
0,0,0,0,0,0,0.00%,Submit
,,,,,,,
J.Alvarez,,,,,,,
FW 7.0,,,,,,,
0,0,0,0,0,0,0.00%,Submit
,,,,,,,
Jo�o Cancelo,,,,,,,
DF 5.3,,,,,,,
0,0,0,0,0,0,0.00%,Submit
,,,,,,,
Rodrigo,,,,,,,
MD 6.3,,,,,,,
0,0,0,0,0,0,0.00%,Submit
,,,,,,,
R�ben,,,,,,,
DF 5.4,,,,,,,
0,0,0,0,0,0,0.00%,Submit
,,,,,,,
Hannibal,,,,,,,
MD 4.5,,,,,,,
0,0,0,0,0,0,0.00%,Submit
,,,,,,,
Heaton,,,,,,,
GK 4.0,,,,,,,
0,0,0,0,0,0,0.00%,Submit
,,,,,,,
McTominay,,,,,,,
MD 4.9,,,,,,,
0,0,0,0,0,0,0.00%,Submit
,,,,,,,
Pellistri,,,,,,,
MD 5.0,,,,,,,
0,0,0,0,0,0,0.00%,Submit
,,,,,,,
Krafth,,,,,,,
DF 4.3,,,,,,,
0,0,0,0,0,0,0.00%,Submit
,,,,,,,
Lascelles,,,,,,,
DF 4.5,,,,,,,
0,0,0,0,0,0,0.00%,Submit
,,,,,,,
J. Lewis,,,,,,,
DF 4.0,,,,,,,
0,0,0,0,0,0,0.00%,Submit
,,,,,,,
Pope,,,,,,,
GK 4.9,,,,,,,
0,0,0,0,0,0,0.00%,Submit
,,,,,,,
White,,,,,,,
MD 4.5,,,,,,,
0,0,0,0,0,0,0.00%,Submit
,,,,,,,
Wilson,,,,,,,
FW 6.9,,,,,,,
0,0,0,0,0,0,0.00%,Submit
,,,,,,,
Bowler,,,,,,,
MD 4.5,,,,,,,
0,0,0,0,0,0,0.00%,Submit
,,,,,,,
Mighten,,,,,,,
MD 4.5,,,,,,,
0,0,0,0,0,0,0.00%,Submit
,,,,,,,
O.Richards,,,,,,,
DF 4.5,,,,,,,
0,0,0,0,0,0,0.00%,Submit
,,,,,,,
O'Brien,,,,,,,
MD 5.0,,,,,,,
0,0,0,0,0,0,0.00%,Submit
,,,,,,,
Panzo,,,,,,,
DF 4.0,,,,,,,
0,0,0,0,0,0,0.00%,Submit
,,,,,,,
Sangar�,,,,,,,
MD 4.4,,,,,,,
0,0,0,0,0,0,0.20%,Submit
,,,,,,,
Ui-jo,,,,,,,
FW 4.5,,,,,,,
0,0,0,0,0,0,0.00%,Submit
,,,,,,,
Worrall,,,,,,,
DF 4.5,,,,,,,
0,0,0,0,0,0,0.00%,Submit
,,,,,,,
Alcaraz,,,,,,,
MD 4.9,,,,,,,
0,0,0,0,0,0,0.00%,Submit
,,,,,,,
Bazunu,,,,,,,
GK 4.3,,,,,,,
0,0,0,0,0,0,0.00%,Submit
,,,,,,,
Bella-Kotchap,,,,,,,
DF 3.9,,,,,,,
0,0,0,0,0,0,0.10%,Submit
,,,,,,,
Charles,,,,,,,
MD 4.5,,,,,,,
0,0,0,0,0,0,0.00%,Submit
,,,,,,,
S. Edozie,,,,,,,
MD 4.9,,,,,,,
0,0,0,0,0,0,0.00%,Submit
,,,,,,,
Edwards,,,,,,,
DF 3.9,,,,,,,
0,0,0,0,0,0,0.00%,Submit
,,,,,,,
Larios,,,,,,,
DF 4.0,,,,,,,
0,0,0,0,0,0,0.00%,Submit
,,,,,,,
Lis,,,,,,,
GK 4.0,,,,,,,
0,0,0,0,0,0,0.00%,Submit
,,,,,,,
Lumley,,,,,,,
GK 4.0,,,,,,,
0,0,0,0,0,0,0.70%,Submit
,,,,,,,
Mara,,,,,,,
FW 5.0,,,,,,,
0,0,0,0,0,0,0.00%,Submit
,,,,,,,
Smallbone,,,,,,,
MD 5.0,,,,,,,
0,0,0,0,0,0,0.00%,Submit
,,,,,,,
Stewart,,,,,,,
FW 4.4,,,,,,,
0,0,0,0,0,0,2.00%,Submit
,,,,,,,
A.Phillips,,,,,,,
DF 4.0,,,,,,,
0,0,0,0,0,0,0.00%,Submit
,,,,,,,
Bryan,,,,,,,
MD 5.0,,,,,,,
0,0,0,0,0,0,0.00%,Submit
,,,,,,,
Devine,,,,,,,
MD 4.5,,,,,,,
0,0,0,0,0,0,0.00%,Submit
,,,,,,,
E.Royal,,,,,,,
DF 4.5,,,,,,,
0,0,0,0,0,0,0.00%,Submit
,,,,,,,
H�jbjerg,,,,,,,
MD 5.0,,,,,,,
0,0,0,0,0,0,0.00%,Submit
,,,,,,,
Lo Celso,,,,,,,
MD 4.9,,,,,,,
0,0,0,0,0,0,0.00%,Submit
,,,,,,,
Romero,,,,,,,
DF 5.0,,,,,,,
0,0,0,0,0,0,0.00%,Submit
,,,,,,,
Scarlett,,,,,,,
FW 4.5,,,,,,,
0,0,0,0,0,0,0.00%,Submit
,,,,,,,
Solomon,,,,,,,
MD 5.4,,,,,,,
0,0,0,0,0,0,0.00%,Submit
,,,,,,,
Van de Ven,,,,,,,
DF 4.5,,,,,,,
0,0,0,0,0,0,0.00%,Submit
,,,,,,,
Veliz,,,,,,,
FW 5.0,,,,,,,
0,0,0,0,0,0,0.00%,Submit
,,,,,,,
Vicario,,,,,,,
GK 4.8,,,,,,,
0,0,0,0,0,0,0.00%,Submit
,,,,,,,
Whiteman,,,,,,,
GK 4.0,,,,,,,
0,0,0,0,0,0,0.00%,Submit
,,,,,,,
Antonio,,,,,,,
FW 5.4,,,,,,,
0,0,0,0,0,0,0.00%,Submit
,,,,,,,
Earthy,,,,,,,
MD 4.5,,,,,,,
0,0,0,0,0,0,0.00%,Submit
,,,,,,,
Foderingham,,,,,,,
GK 4.3,,,,,,,
0,0,0,0,0,0,0.00%,Submit
,,,,,,,
N.Aguerd,,,,,,,
DF 4.4,,,,,,,
0,0,0,0,0,0,0.00%,Submit
,,,,,,,
Zouma,,,,,,,
DF 4.4,,,,,,,
0,0,0,0,0,0,0.00%,Submit
,,,,,,,
Bentley,,,,,,,
GK 4.0,,,,,,,
0,0,0,0,0,0,1.10%,Submit
,,,,,,,
Chiquinho,,,,,,,
MD 4.5,,,,,,,
0,0,0,0,0,0,0.00%,Submit
,,,,,,,
Chirewa,,,,,,,
MD 4.5,,,,,,,
0,0,0,0,0,0,0.00%,Submit
,,,,,,,
F�bio Silva,,,,,,,
FW 5.0,,,,,,,
0,0,0,0,0,0,0.00%,Submit
,,,,,,,
Fraser,,,,,,,
FW 4.5,,,,,,,
0,0,0,0,0,0,0.00%,Submit
,,,,,,,
Gonzalez,,,,,,,
MD 4.4,,,,,,,
0,0,0,0,0,0,0.00%,Submit
,,,,,,,
H.Bueno,,,,,,,
DF 4.5,,,,,,,
0,0,0,0,0,0,0.00%,Submit
,,,,,,,
Hodge,,,,,,,
MD 4.5,,,,,,,
0,0,0,0,0,0,0.00%,Submit
,,,,,,,
Hoever,,,,,,,
DF 4.0,,,,,,,
0,0,0,0,0,0,0.00%,Submit
,,,,,,,
Kalajd�i?,,,,,,,
FW 4.8,,,,,,,
0,0,0,0,0,0,0.00%,Submit
,,,,,,,
King,,,,,,,
GK 4.0,,,,,,,
0,0,0,0,0,0,0.20%,Submit
,,,,,,,
Mosquera,,,,,,,
DF 3.9,,,,,,,
0,0,0,0,0,0,0.80%,Submit
,,,,,,,
Podence,,,,,,,
MD 5.5,,,,,,,
0,0,0,0,0,0,0.00%,Submit
,,,,,,,
A.Fatawu,,,,,,,
MD 5.2,,,,,,,
0,0,0,0,0,0,0.00%,Submit
,,,,,,,
Pivas,,,,,,,
DF 4.0,,,,,,,
0,0,0,0,0,0,0.00%,Submit
,,,,,,,
Wiley,,,,,,,
DF 4.0,,,,,,,
0,0,0,0,0,0,0.00%,Submit
,,,,,,,
J.Araujo,,,,,,,
DF 4.3,,,,,,,
0,0,0,0,0,0,0.00%,Submit
,,,,,,,
Dennis,,,,,,,
GK 4.0,,,,,,,
0,0,0,0,0,0,0.10%,Submit
,,,,,,,
Moran,,,,,,,
MD 5.0,,,,,,,
0,0,0,0,0,0,0.00%,Submit
,,,,,,,
Trevitt,,,,,,,
MD 4.4,,,,,,,
0,0,0,0,0,0,0.00%,Submit
,,,,,,,
Godo,,,,,,,
MD 4.5,,,,,,,
0,0,0,0,0,0,0.00%,Submit
,,,,,,,
Alves,,,,,,,
MD 4.5,,,,,,,
0,0,0,0,0,0,0.00%,Submit
,,,,,,,
Odobert,,,,,,,
MD 5.3,,,,,,,
0,0,0,0,0,0,0.00%,Submit
,,,,,,,
Collyer,,,,,,,
MD 4.5,,,,,,,
0,0,0,0,0,0,0.00%,Submit
,,,,,,,
Metcalfe,,,,,,,
MD 4.5,,,,,,,
0,0,0,0,0,0,0.00%,Submit
,,,,,,,
Rushworth,,,,,,,
GK 4.0,,,,,,,
0,0,0,0,0,0,0.00%,Submit
,,,,,,,
Nelson,,,,,,,
DF 4.0,,,,,,,
0,0,0,0,0,0,0.00%,Submit
,,,,,,,
Begovic,,,,,,,
GK 4.0,,,,,,,
0,0,0,0,0,0,0.50%,Submit
,,,,,,,
Kabor�,,,,,,,
DF 4.5,,,,,,,
0,0,0,0,0,0,0.00%,Submit
,,,,,,,
Dixon,,,,,,,
DF 4.0,,,,,,,
0,0,0,0,0,0,0.00%,Submit
,,,,,,,
Ogbene,,,,,,,
MD 4.9,,,,,,,
0,0,0,0,0,0,0.00%,Submit
,,,,,,,
G.Nunes,,,,,,,
MD 4.9,,,,,,,
0,0,0,0,0,0,0.00%,Submit
,,,,,,,
Setford,,,,,,,
GK 4.5,,,,,,,
0,0,0,0,0,0,0.00%,Submit
,,,,,,,
Swinkels,,,,,,,
DF 4.0,,,,,,,
0,0,0,0,0,0,0.00%,Submit
,,,,,,,
Zych,,,,,,,
GK 4.0,,,,,,,
0,0,0,0,0,0,0.00%,Submit
,,,,,,,
Umeh-Chibueze,,,,,,,
MD 4.4,,,,,,,
0,0,0,0,0,0,0.00%,Submit
,,,,,,,
Agbinone,,,,,,,
MD 4.5,,,,,,,
0,0,0,0,0,0,0.00%,Submit
,,,,,,,
Rodney,,,,,,,
MD 4.5,,,,,,,
0,0,0,0,0,0,0.00%,Submit
,,,,,,,
Wheatley,,,,,,,
FW 4.5,,,,,,,
0,0,0,0,0,0,0.00%,Submit
,,,,,,,
Morato,,,,,,,
DF 4.5,,,,,,,
0,0,0,0,0,0,0.00%,Submit
,,,,,,,
Young,,,,,,,
MD 4.5,,,,,,,
0,0,0,0,0,0,0.00%,Submit
,,,,,,,
Jaros,,,,,,,
GK 4.0,,,,,,,
0,0,0,0,0,0,0.00%,Submit
,,,,,,,
Nichols,,,,,,,
DF 4.0,,,,,,,
0,0,0,0,0,0,0.00%,Submit
,,,,,,,
Pond,,,,,,,
DF 3.9,,,,,,,
0,0,0,0,0,0,0.00%,Submit
,,,,,,,
Fletcher,,,,,,,
MD 4.5,,,,,,,
0,0,0,0,0,0,0.00%,Submit
,,,,,,,
Cahill,,,,,,,
GK 3.9,,,,,,,
0,0,0,0,0,0,0.10%,Submit
,,,,,,,
Davies,,,,,,,
GK 4.0,,,,,,,
0,0,0,0,0,0,0.00%,Submit
,,,,,,,
Amass,,,,,,,
DF 4.0,,,,,,,
0,0,0,0,0,0,0.00%,Submit
,,,,,,,
Wright,,,,,,,
MD 4.5,,,,,,,
0,0,0,0,0,0,0.00%,Submit
,,,,,,,
Fitzgerald,,,,,,,
MD 4.5,,,,,,,
0,0,0,0,0,0,0.00%,Submit
,,,,,,,
Bates,,,,,,,
MD 4.5,,,,,,,
0,0,0,0,0,0,0.00%,Submit
,,,,,,,
Broggio,,,,,,,
MD 4.5,,,,,,,
0,0,0,0,0,0,0.00%,Submit
,,,,,,,
McConville,,,,,,,
DF 4.0,,,,,,,
0,0,0,0,0,0,0.00%,Submit
,,,,,,,
T. Edozie,,,,,,,
MD 4.5,,,,,,,
0,0,0,0,0,0,0.00%,Submit
,,,,,,,
Slater,,,,,,,
DF 4.0,,,,,,,
0,0,0,0,0,0,0.00%,Submit
,,,,,,,
Mayers,,,,,,,
DF 4.0,,,,,,,
0,0,0,0,0,0,0.00%,Submit
,,,,,,,
Nyoni,,,,,,,
MD 4.5,,,,,,,
0,0,0,0,0,0,0.00%,Submit
,,,,,,,
Kukonki,,,,,,,
DF 4.0,,,,,,,
0,0,0,0,0,0,0.00%,Submit
,,,,,,,
O'Brien-Whitmarsh,,,,,,,
MD 4.5,,,,,,,
0,0,0,0,0,0,0.00%,Submit
,,,,,,,
Cartwright,,,,,,,
MD 4.5,,,,,,,
0,0,0,0,0,0,0.00%,Submit
,,,,,,,
George,,,,,,,
MD 4.5,,,,,,,
0,0,0,0,0,0,0.00%,Submit
,,,,,,,
Orford,,,,,,,
MD 4.5,,,,,,,
0,0,0,0,0,0,0.00%,Submit
,,,,,,,
Mark Gillespie,,,,,,,
GK 99.9,,,,,,,
0,0,0,0,0,0,0.00%,
,,,,,,,
Matthew Cox,,,,,,,
GK 99.9,,,,,,,
0,0,0,0,0,0,0.00%,
,,,,,,,
Jack Porter,,,,,,,
GK 99.9,,,,,,,
0,0,0,0,0,0,0.00%,
,,,,,,,
Josh King,,,,,,,
MD 99.9,,,,,,,
0,0,0,0,0,0,0.00%,
